,h3_hex_id,date,dd,ff,precip,hu,td,t,psl
0,831840fffffffff,2016-09-26 17:00:00,190.0,7.2,0.0,67.0,285.25,291.45,102180.0
1,831844fffffffff,2016-01-04 08:00:00,180.0,3.3,0.0,88.0,277.85,279.65,
2,831844fffffffff,2016-01-25 13:00:00,,,0.0,,,285.65,
3,831844fffffffff,2016-01-27 03:00:00,200.0,6.3,0.0,87.0,283.15,285.25,
4,831844fffffffff,2016-02-24 18:00:00,50.0,4.7,0.2,,,279.95,
5,831844fffffffff,2016-02-25 12:00:00,20.0,1.6,0.0,58.0,273.05,280.75,
6,831844fffffffff,2016-03-09 09:00:00,310.0,7.5,0.0,,,281.35,
7,831844fffffffff,2016-04-22 08:00:00,270.0,2.3,0.0,81.0,282.65,285.85,
8,831844fffffffff,2016-06-25 14:00:00,,,0.0,,,292.05,
9,831844fffffffff,2016-07-02 07:00:00,270.0,3.0,0.0,74.0,283.65,288.25,
10,831844fffffffff,2016-07-13 12:00:00,280.0,4.5,0.0,,,288.85,
11,831844fffffffff,2016-07-15 20:00:00,40.0,2.0,0.0,57.0,283.35,292.05,
12,831844fffffffff,2016-09-17 08:00:00,330.0,6.2,0.0,84.0,285.35,288.05,
13,831844fffffffff,2016-10-24 16:00:00,,,0.0,,,289.15,
14,831844fffffffff,2016-11-08 15:00:00,230.0,1.9,0.0,73.0,277.95,282.55,
15,831844fffffffff,2016-11-11 17:00:00,200.0,1.1,0.0,81.0,277.85,280.95,
16,831844fffffffff,2016-11-19 16:00:00,,,0.0,,,284.25,
17,831844fffffffff,2016-11-27 19:00:00,60.0,5.7,0.0,91.0,277.75,279.15,
18,831844fffffffff,2016-12-17 21:00:00,50.0,1.6,0.0,100.0,278.25,278.25,
19,831844fffffffff,2016-12-21 11:00:00,,,0.0,,,284.55,
20,831844fffffffff,2017-05-24 12:00:00,,,0.0,,,296.15,
21,831844fffffffff,2017-08-05 03:00:00,300.0,1.7,0.0,96.0,286.75,287.35,
22,831844fffffffff,2017-08-21 21:00:00,,,0.0,,,294.55,
23,831844fffffffff,2017-10-22 16:00:00,,,0.0,,,286.55,
24,831844fffffffff,2017-11-01 02:00:00,130.0,6.2,0.0,79.0,275.75,279.15,
25,831844fffffffff,2017-11-13 09:00:00,30.0,1.0,0.0,77.0,275.55,279.25,
26,831844fffffffff,2017-11-29 20:00:00,300.0,2.0,0.0,90.0,275.85,277.35,
27,831844fffffffff,2018-03-11 21:00:00,200.0,7.1,0.0,92.0,281.95,283.15,
28,831844fffffffff,2018-04-03 04:00:00,200.0,4.5,0.0,91.0,283.45,284.85,
29,831844fffffffff,2018-05-20 21:00:00,40.0,3.0,0.0,74.0,283.15,287.75,
30,831844fffffffff,2018-06-23 02:00:00,70.0,6.5,0.0,71.0,282.85,288.05,
31,831844fffffffff,2018-07-05 08:00:00,150.0,0.7,0.0,96.0,288.65,289.25,
32,831844fffffffff,2018-11-21 09:00:00,140.0,4.7,0.0,83.0,274.45,277.05,100930.0
33,831845fffffffff,2016-01-01 08:00:00,140.0,4.4,0.0,93.0,279.35,280.45,101980.0
34,831845fffffffff,2016-05-30 22:00:00,,,0.0,,,286.95,
35,831845fffffffff,2016-06-21 04:00:00,250.0,3.2,0.0,100.0,289.95,289.95,
36,831845fffffffff,2016-06-26 05:00:00,340.0,2.6,0.0,84.0,284.55,287.25,
37,831845fffffffff,2016-09-30 02:00:00,30.0,1.5,0.0,93.0,287.95,289.05,
38,831845fffffffff,2016-10-04 05:00:00,90.0,2.6,0.0,,,284.85,
39,831845fffffffff,2016-11-12 22:00:00,300.0,2.7,,,,,
40,831845fffffffff,2016-11-27 12:00:00,60.0,4.4,0.0,82.0,280.95,283.95,
41,831845fffffffff,2017-03-01 06:00:00,220.0,3.6,0.0,90.0,279.65,281.15,
42,831845fffffffff,2017-03-27 16:00:00,,,0.0,,,289.95,
43,831845fffffffff,2017-03-29 15:00:00,,,0.0,,,292.65,
44,831845fffffffff,2017-05-18 07:00:00,330.0,1.9,,,,,
45,831845fffffffff,2017-06-01 17:00:00,290.0,4.6,,,,,
46,831845fffffffff,2018-02-05 22:00:00,20.0,4.2,0.0,66.0,268.95,274.65,
47,831845fffffffff,2018-05-27 06:00:00,170.0,4.9,0.0,93.0,288.65,289.75,101340.0
48,831845fffffffff,2018-06-15 19:00:00,330.0,5.1,0.0,73.0,285.15,290.05,101850.0
49,831845fffffffff,2018-06-25 09:00:00,60.0,5.9,0.0,58.0,286.25,294.85,
50,831845fffffffff,2018-07-05 10:00:00,200.0,2.9,0.0,84.0,290.85,293.65,101740.0
51,831845fffffffff,2018-11-04 03:00:00,140.0,2.1,0.0,,,277.25,
52,831846fffffffff,2016-03-02 16:00:00,290.0,9.3,0.4,76.0,278.65,282.65,
53,831846fffffffff,2016-08-09 06:00:00,360.0,2.2,,,,,
54,831846fffffffff,2016-10-11 18:00:00,100.0,2.8,0.0,65.0,278.15,284.45,101680.0
55,831846fffffffff,2017-02-08 03:00:00,320.0,3.2,0.0,83.0,275.35,277.95,102570.0
56,831846fffffffff,2017-05-22 11:00:00,200.0,2.7,,,,,
57,831846fffffffff,2017-08-31 08:00:00,250.0,8.7,,,,,
58,831846fffffffff,2017-09-13 15:00:00,260.0,6.1,0.0,90.0,284.75,286.35,100980.0
59,831846fffffffff,2017-11-19 18:00:00,260.0,2.1,0.0,86.0,281.95,284.25,102580.0
60,831846fffffffff,2018-09-10 14:00:00,220.0,4.1,0.0,75.0,289.35,293.95,
61,831846fffffffff,2018-12-07 18:00:00,270.0,17.7,,,,,
62,831860fffffffff,2016-04-16 10:00:00,260.0,5.0,0.0,74.0,278.85,283.25,
63,831860fffffffff,2016-05-12 22:00:00,,,0.0,97.0,285.55,286.05,
64,831860fffffffff,2016-08-12 20:00:00,,,0.0,,,289.35,
65,831860fffffffff,2016-11-04 16:00:00,180.0,5.2,0.0,92.0,280.75,281.95,
66,831860fffffffff,2017-05-07 02:00:00,320.0,1.8,0.0,96.0,282.05,282.65,
67,831860fffffffff,2018-02-27 23:00:00,70.0,2.6,0.0,49.0,259.95,269.15,101780.0
68,831860fffffffff,2018-03-18 09:00:00,,,0.0,,,,
69,831860fffffffff,2018-04-10 06:00:00,140.0,2.2,0.0,95.0,281.15,281.95,
70,831860fffffffff,2018-04-17 08:00:00,,,0.0,,,285.05,
71,831860fffffffff,2018-07-01 08:00:00,,,0.0,,,298.65,
72,831860fffffffff,2018-08-02 16:00:00,,,0.0,,,299.65,
73,831860fffffffff,2018-10-07 00:00:00,,,0.8,,,283.15,
74,831860fffffffff,2018-10-25 13:00:00,330.0,2.0,0.0,74.0,282.75,287.35,102280.0
75,831860fffffffff,2018-11-14 07:00:00,160.0,2.8,0.0,94.0,279.95,280.85,
76,831860fffffffff,2018-11-30 05:00:00,,,0.0,,,281.55,
77,831861fffffffff,2016-02-01 22:00:00,250.0,6.4,0.0,98.0,282.45,282.75,
78,831861fffffffff,2016-02-06 09:00:00,190.0,7.1,0.0,91.0,281.35,282.75,
79,831861fffffffff,2016-03-03 11:00:00,,,0.0,,,280.65,
80,831861fffffffff,2016-06-02 03:00:00,,,0.0,,,285.55,
81,831861fffffffff,2016-07-08 02:00:00,,,0.0,,,289.05,
82,831861fffffffff,2016-10-16 08:00:00,,,0.2,,,285.45,
83,831861fffffffff,2017-01-16 18:00:00,40.0,1.9,0.0,84.0,273.25,275.65,102800.0
84,831861fffffffff,2017-03-10 05:00:00,,,0.0,,,283.25,
85,831861fffffffff,2017-03-26 04:00:00,70.0,0.6,0.0,74.0,275.15,279.45,
86,831861fffffffff,2017-04-17 17:00:00,360.0,5.0,0.0,49.0,276.75,287.35,102240.0
87,831861fffffffff,2017-09-17 02:00:00,150.0,0.7,0.0,98.0,282.45,282.75,101170.0
88,831861fffffffff,2017-10-15 12:00:00,,,0.0,,,294.65,
89,831861fffffffff,2017-11-15 15:00:00,90.0,2.2,0.0,70.0,279.05,284.35,102540.0
90,831861fffffffff,2017-12-25 17:00:00,,,0.0,,,278.95,
91,831861fffffffff,2018-02-17 03:00:00,90.0,1.4,0.2,94.0,275.45,276.35,
92,831861fffffffff,2018-03-13 21:00:00,,,0.0,,,279.85,
93,831861fffffffff,2018-06-19 15:00:00,60.0,0.9,0.0,61.0,288.95,296.95,102510.0
94,831861fffffffff,2018-06-28 02:00:00,40.0,3.2,0.0,70.0,286.85,292.45,101890.0
95,831861fffffffff,2018-09-20 03:00:00,,,0.0,94.0,288.55,289.75,
96,831861fffffffff,2018-10-03 18:00:00,340.0,2.0,0.0,71.0,283.95,289.25,
97,831861fffffffff,2018-11-14 11:00:00,,,0.0,,,285.55,
98,831862fffffffff,2016-07-22 09:00:00,360.0,0.5,0.0,,,294.55,
99,831862fffffffff,2017-02-04 04:00:00,20.0,7.5,0.4,94.0,278.95,279.85,
100,831862fffffffff,2017-03-12 14:00:00,340.0,6.0,0.0,96.0,281.95,282.55,101730.0
101,831862fffffffff,2017-06-26 14:00:00,330.0,4.0,0.0,67.0,287.95,294.35,101230.0
102,831862fffffffff,2018-01-28 19:00:00,220.0,1.5,0.0,90.0,282.55,284.15,
103,831863fffffffff,2016-05-05 11:00:00,100.0,6.1,0.0,39.0,277.85,292.15,101630.0
104,831863fffffffff,2016-07-09 00:00:00,,,0.0,,,,
105,831863fffffffff,2017-02-14 01:00:00,,,0.0,,,,
106,831863fffffffff,2017-09-27 08:00:00,,,0.0,,,284.65,
107,831863fffffffff,2017-10-12 10:00:00,,,0.0,,,290.85,
108,831863fffffffff,2018-05-13 19:00:00,330.0,3.5,0.0,78.0,280.45,284.15,
109,831863fffffffff,2018-11-01 18:00:00,0.0,0.0,0.0,82.0,279.55,282.45,
110,831865fffffffff,2016-02-01 10:00:00,260.0,6.8,0.0,82.0,281.35,284.35,102430.0
111,831865fffffffff,2016-02-04 05:00:00,220.0,5.0,0.0,90.0,276.25,277.75,
112,831865fffffffff,2016-04-12 03:00:00,140.0,2.4,0.0,85.0,278.75,281.15,100760.0
113,831865fffffffff,2016-04-15 11:00:00,200.0,8.0,0.0,62.0,280.15,287.35,
114,831865fffffffff,2016-04-19 08:00:00,,,0.0,,,280.25,
115,831865fffffffff,2016-05-02 09:00:00,200.0,3.2,0.0,72.0,281.55,286.45,
116,831865fffffffff,2016-05-08 10:00:00,130.0,5.4,0.0,44.0,280.85,293.55,100570.0
117,831865fffffffff,2016-06-26 07:00:00,280.0,2.6,0.0,83.0,285.15,288.05,
118,831865fffffffff,2016-07-14 06:00:00,,,0.0,,,285.15,
119,831865fffffffff,2016-09-13 02:00:00,100.0,4.5,0.0,58.0,286.95,295.65,100990.0
120,831865fffffffff,2016-11-04 03:00:00,200.0,1.8,0.0,85.0,275.55,277.85,
121,831865fffffffff,2016-11-06 16:00:00,270.0,2.8,0.0,73.0,275.15,279.65,
122,831865fffffffff,2016-11-20 21:00:00,,,0.0,,,284.65,
123,831865fffffffff,2016-12-03 05:00:00,50.0,4.4,0.0,96.0,278.05,278.65,102220.0
124,831865fffffffff,2016-12-29 09:00:00,110.0,2.3,0.0,98.0,270.45,270.75,103910.0
125,831865fffffffff,2017-01-26 19:00:00,100.0,6.7,0.0,69.0,269.55,274.65,101550.0
126,831865fffffffff,2017-02-04 23:00:00,,,0.0,,,278.45,
127,831865fffffffff,2017-02-27 09:00:00,160.0,6.2,0.2,90.0,280.25,281.85,99620.0
128,831865fffffffff,2017-04-16 18:00:00,280.0,3.7,0.0,70.0,278.75,284.05,
129,831865fffffffff,2017-04-28 13:00:00,,,0.0,,,285.85,
130,831865fffffffff,2017-06-23 14:00:00,270.0,2.6,0.0,72.0,285.75,290.85,
131,831865fffffffff,2017-07-02 14:00:00,,,0.0,,,294.45,
132,831865fffffffff,2017-07-20 02:00:00,200.0,3.5,0.0,82.0,288.15,291.25,100880.0
133,831865fffffffff,2017-10-13 14:00:00,260.0,2.6,0.0,63.0,287.15,294.45,
134,831865fffffffff,2017-11-03 15:00:00,140.0,3.2,0.0,80.0,284.75,288.15,
135,831865fffffffff,2017-11-04 06:00:00,,,0.0,,,284.95,
136,831865fffffffff,2017-11-21 21:00:00,210.0,3.8,0.0,85.0,281.35,283.75,
137,831865fffffffff,2018-08-10 08:00:00,230.0,4.4,0.0,70.0,283.35,288.85,
138,831865fffffffff,2018-08-18 10:00:00,240.0,3.7,0.0,76.0,286.35,290.65,102440.0
139,831865fffffffff,2018-09-06 02:00:00,300.0,1.6,0.0,96.0,289.15,289.75,
140,831865fffffffff,2018-09-22 13:00:00,140.0,2.3,0.0,80.0,283.65,287.05,
141,831866fffffffff,2016-01-18 06:00:00,130.0,7.8,0.0,97.0,273.85,274.25,101160.0
142,831866fffffffff,2016-04-08 17:00:00,290.0,3.6,,,,,
143,831866fffffffff,2016-07-02 21:00:00,250.0,7.0,,,,,
144,831866fffffffff,2016-08-12 01:00:00,,,0.0,,,286.95,
145,831866fffffffff,2016-09-04 05:00:00,260.0,7.2,,,,,
146,831866fffffffff,2017-06-17 03:00:00,270.0,2.2,0.0,93.0,284.95,286.05,102840.0
147,831866fffffffff,2017-08-22 13:00:00,90.0,8.4,0.0,86.0,291.15,293.55,101640.0
148,831866fffffffff,2017-10-09 21:00:00,,,0.0,,,286.75,
149,831866fffffffff,2018-04-08 05:00:00,320.0,0.7,0.0,95.0,280.25,281.05,100740.0
150,831866fffffffff,2018-10-12 04:00:00,200.0,8.7,,,,,
151,831868fffffffff,2016-01-10 08:00:00,220.0,5.7,0.0,86.0,278.75,280.95,
152,831868fffffffff,2016-03-04 08:00:00,,,0.0,,,280.35,
153,831868fffffffff,2016-04-20 23:00:00,,,0.0,,,,
154,831868fffffffff,2016-05-02 21:00:00,,,0.0,,,285.15,
155,831868fffffffff,2016-06-18 02:00:00,,,0.0,,,283.35,
156,831868fffffffff,2016-06-22 15:00:00,,,0.0,,,305.75,
157,831868fffffffff,2017-05-28 11:00:00,,,0.0,,,300.25,
158,831868fffffffff,2017-06-19 02:00:00,50.0,2.2,0.0,76.0,288.25,292.55,
159,831868fffffffff,2017-06-21 03:00:00,,,0.0,,,289.95,
160,831868fffffffff,2018-02-03 04:00:00,,,0.0,,,273.95,
161,831868fffffffff,2018-03-02 10:00:00,,,0.0,,,280.85,
162,831868fffffffff,2018-04-29 02:00:00,50.0,1.9,0.0,95.0,281.45,282.25,
163,831868fffffffff,2018-10-21 18:00:00,,,0.0,,,288.15,
164,831868fffffffff,2018-12-31 19:00:00,40.0,2.9,0.0,93.0,278.55,279.65,
165,83186afffffffff,2016-05-27 22:00:00,,,0.0,,,288.85,
166,83186afffffffff,2016-06-22 11:00:00,90.0,4.4,0.0,81.0,295.25,298.75,
167,83186afffffffff,2017-08-18 15:00:00,280.0,7.1,0.0,,,294.45,
168,83186afffffffff,2018-02-23 05:00:00,,,0.0,,,272.15,
169,83186afffffffff,2018-03-10 20:00:00,140.0,2.1,0.0,88.0,284.95,286.95,99720.0
170,83186afffffffff,2018-07-24 05:00:00,30.0,2.5,0.0,74.0,287.55,292.25,101320.0
171,83186afffffffff,2018-08-10 11:00:00,220.0,4.1,0.0,,,295.45,
172,83186cfffffffff,2016-01-29 13:00:00,,,0.0,,,,
173,83186cfffffffff,2016-02-16 22:00:00,20.0,1.2,0.0,71.0,269.05,273.75,103160.0
174,83186cfffffffff,2016-03-24 14:00:00,260.0,3.4,0.0,56.0,276.05,284.55,
175,83186cfffffffff,2016-05-05 12:00:00,,,0.0,35.0,278.05,294.05,
176,83186cfffffffff,2016-06-27 23:00:00,260.0,1.9,0.0,95.0,288.95,289.75,102180.0
177,83186cfffffffff,2016-06-30 15:00:00,,,0.0,,,,
178,83186cfffffffff,2016-07-14 06:00:00,280.0,3.1,0.0,88.0,282.25,284.15,102430.0
179,83186cfffffffff,2016-09-09 21:00:00,,,0.0,,,,
180,83186cfffffffff,2016-09-18 20:00:00,,,0.0,79.0,286.75,290.45,
181,83186cfffffffff,2016-09-30 00:00:00,,,0.0,,,,
182,83186cfffffffff,2016-10-04 08:00:00,,,0.0,77.0,281.75,285.65,
183,83186cfffffffff,2016-12-02 23:00:00,,,0.0,,,,
184,83186cfffffffff,2017-01-19 04:00:00,60.0,4.2,0.0,75.0,265.15,268.95,
185,83186cfffffffff,2017-04-18 16:00:00,,,0.0,,,,
186,83186cfffffffff,2017-05-05 21:00:00,,,0.0,,,,
187,83186cfffffffff,2017-09-04 21:00:00,,,0.0,,,,
188,83186cfffffffff,2017-10-29 05:00:00,,,0.0,97.0,282.75,283.25,
189,83186cfffffffff,2018-05-07 12:00:00,,,0.0,,,,
190,83186cfffffffff,2018-05-16 13:00:00,,,0.0,,,,
191,83186cfffffffff,2018-07-03 03:00:00,,,0.0,,,,
192,83186cfffffffff,2018-07-29 02:00:00,,,0.0,,,,
193,83186cfffffffff,2018-08-28 16:00:00,150.0,1.5,0.0,41.0,288.65,303.35,
194,83186cfffffffff,2018-09-08 07:00:00,,,0.0,79.0,283.35,286.95,
195,83186cfffffffff,2018-10-15 06:00:00,,,0.0,93.0,285.35,286.45,
196,83186cfffffffff,2018-10-30 05:00:00,,,0.0,,,,
197,83186cfffffffff,2018-11-25 21:00:00,,,0.0,,,280.55,
198,83186cfffffffff,2018-12-03 08:00:00,,,0.0,,,286.95,
199,83186dfffffffff,2016-03-29 17:00:00,,,0.0,,,285.05,
200,83186dfffffffff,2016-05-14 00:00:00,,,0.0,,,284.45,
201,83186dfffffffff,2016-06-17 18:00:00,,,0.0,,,,
202,83186dfffffffff,2016-06-26 01:00:00,,,0.0,87.0,281.25,283.35,
203,83186dfffffffff,2016-06-26 12:00:00,,,0.0,,,291.55,
204,83186dfffffffff,2016-08-12 11:00:00,,,0.0,,,,
205,83186dfffffffff,2016-10-29 23:00:00,90.0,3.3,0.0,96.0,280.95,281.55,
206,83186dfffffffff,2016-11-01 07:00:00,,,0.0,,,,
207,83186dfffffffff,2016-11-23 09:00:00,,,0.0,,,284.75,
208,83186dfffffffff,2016-11-30 04:00:00,,,0.0,,,,
209,83186dfffffffff,2017-02-23 20:00:00,,,0.0,,,280.45,
210,83186dfffffffff,2017-04-03 04:00:00,,,0.0,,,,
211,83186dfffffffff,2017-04-22 17:00:00,,,0.0,,,291.65,
212,83186dfffffffff,2017-04-25 06:00:00,,,0.0,,,,
213,83186dfffffffff,2017-06-07 19:00:00,,,0.0,64.0,284.05,290.95,
214,83186dfffffffff,2017-08-07 14:00:00,130.0,2.8,0.0,27.0,280.55,301.35,101310.0
215,83186dfffffffff,2017-09-01 23:00:00,,,0.0,,,283.25,
216,83186dfffffffff,2017-09-16 16:00:00,,,0.0,,,,
217,83186dfffffffff,2017-10-25 23:00:00,,,0.0,,,,
218,83186dfffffffff,2017-10-30 08:00:00,50.0,4.0,,92.0,276.95,278.15,102650.0
219,83186dfffffffff,2017-11-09 06:00:00,,,0.0,,,279.25,
220,83186dfffffffff,2018-02-01 11:00:00,,,0.0,,,,
221,83186dfffffffff,2018-06-03 00:00:00,,,0.0,86.0,287.55,289.95,
222,83186dfffffffff,2018-06-03 16:00:00,,,0.0,74.0,287.85,292.65,
223,83186dfffffffff,2018-07-06 08:00:00,270.0,1.8,0.0,82.0,288.85,291.95,
224,83186dfffffffff,2018-08-22 23:00:00,330.0,3.5,0.0,67.0,288.95,295.35,101550.0
225,83186dfffffffff,2018-11-29 21:00:00,,,0.0,,,,
226,83186efffffffff,2016-01-16 16:00:00,,,0.0,,,279.65,
227,83186efffffffff,2016-03-31 07:00:00,20.0,4.1,0.0,99.0,277.85,277.95,
228,83186efffffffff,2016-05-26 03:00:00,20.0,1.0,,90.0,281.55,283.15,101310.0
229,83186efffffffff,2016-06-25 06:00:00,,,0.0,94.0,285.65,286.55,
230,83186efffffffff,2016-07-04 21:00:00,190.0,1.2,0.0,88.0,287.15,289.15,102070.0
231,83186efffffffff,2016-07-20 11:00:00,220.0,3.0,0.0,94.0,291.65,292.65,
232,83186efffffffff,2016-07-30 20:00:00,,,0.0,,,,
233,83186efffffffff,2016-08-12 07:00:00,0.0,0.0,0.0,88.0,284.75,286.75,
234,83186efffffffff,2016-08-31 17:00:00,,,0.0,,,301.05,
235,83186efffffffff,2016-10-18 09:00:00,220.0,0.9,0.0,98.0,282.75,283.05,
236,83186efffffffff,2017-03-04 17:00:00,280.0,7.8,0.0,76.0,277.95,281.95,
237,83186efffffffff,2017-03-18 21:00:00,,,0.0,93.0,282.65,283.75,
238,83186efffffffff,2017-05-16 12:00:00,120.0,1.4,0.0,39.0,285.05,300.25,102520.0
239,83186efffffffff,2017-08-30 12:00:00,,,0.0,,,290.75,
240,83186efffffffff,2017-10-15 09:00:00,160.0,1.6,0.0,89.0,287.15,288.95,
241,83186efffffffff,2017-12-12 03:00:00,,,0.0,,,273.45,
242,83186efffffffff,2017-12-12 22:00:00,180.0,3.2,0.0,98.0,276.05,276.35,
243,83186efffffffff,2018-01-10 06:00:00,200.0,1.5,0.0,99.0,279.75,279.85,
244,83186efffffffff,2018-04-18 08:00:00,,,0.0,,,289.45,
245,83186efffffffff,2018-05-16 13:00:00,,,0.0,,,295.65,
246,83186efffffffff,2018-07-06 06:00:00,,,0.0,,,290.85,
247,83186efffffffff,2018-08-11 17:00:00,350.0,1.4,0.0,42.0,285.15,299.05,
248,83186efffffffff,2018-09-23 09:00:00,,,0.0,,,293.35,
249,83186efffffffff,2018-11-02 18:00:00,,,0.0,,,279.95,
250,83186efffffffff,2018-12-06 06:00:00,250.0,5.6,0.0,93.0,283.75,284.85,
251,83186efffffffff,2018-12-18 18:00:00,,,0.0,,,281.35,
252,83186efffffffff,2018-12-29 10:00:00,160.0,1.2,0.0,98.0,276.55,276.85,
253,831871fffffffff,2016-01-04 10:00:00,250.0,9.6,0.2,81.0,278.85,281.95,98790.0
254,831871fffffffff,2016-01-29 02:00:00,220.0,6.8,0.0,87.0,281.15,283.25,102990.0
255,831871fffffffff,2016-03-08 21:00:00,210.0,8.3,0.0,97.0,282.95,283.45,101060.0
256,831871fffffffff,2016-07-23 21:00:00,230.0,2.6,0.0,,,290.45,
257,831871fffffffff,2016-10-22 03:00:00,130.0,4.0,,,,,
258,831871fffffffff,2016-12-05 23:00:00,130.0,2.7,0.0,97.0,283.45,283.95,
259,831871fffffffff,2017-01-04 02:00:00,230.0,5.0,0.0,78.0,273.05,276.55,102950.0
260,831871fffffffff,2018-02-18 07:00:00,240.0,4.2,0.0,99.0,282.95,283.15,102030.0
261,831871fffffffff,2018-12-01 02:00:00,210.0,4.4,0.0,93.0,281.25,282.35,
262,831871fffffffff,2018-12-07 06:00:00,220.0,9.0,0.6,94.0,284.05,284.95,
263,831873fffffffff,2016-02-09 15:00:00,,,,71.0,275.25,280.15,99600.0
264,831873fffffffff,2017-02-08 11:00:00,340.0,3.1,0.0,74.0,278.15,282.55,102920.0
265,831873fffffffff,2018-10-12 09:00:00,170.0,15.5,0.0,84.0,286.75,289.45,100500.0
266,831948fffffffff,2016-01-06 21:00:00,,,0.0,,,279.25,
267,831948fffffffff,2016-10-16 01:00:00,170.0,6.0,,,,,
268,831948fffffffff,2016-12-27 14:00:00,360.0,0.9,0.0,79.0,276.95,280.35,104450.0
269,831948fffffffff,2017-02-22 06:00:00,,,0.0,,,282.45,
270,831948fffffffff,2017-06-14 03:00:00,130.0,1.6,0.0,84.0,282.65,285.25,101880.0
271,83194bfffffffff,2016-11-06 09:00:00,320.0,7.9,0.0,70.0,275.45,280.55,100580.0
272,83194bfffffffff,2016-12-10 10:00:00,160.0,2.6,0.0,98.0,277.65,277.95,
273,83194bfffffffff,2017-12-28 03:00:00,320.0,8.0,0.0,65.0,272.65,278.75,100120.0
274,83194bfffffffff,2018-06-02 22:00:00,0.0,0.0,0.0,80.0,284.85,288.25,102010.0
275,83194bfffffffff,2018-06-17 14:00:00,260.0,7.8,0.0,69.0,284.95,290.75,
276,831e94fffffffff,2016-05-03 06:00:00,280.0,4.4,0.0,82.0,284.45,287.45,101450.0
277,831e94fffffffff,2016-09-18 08:00:00,280.0,7.3,0.0,64.0,286.25,293.25,101110.0
278,831e94fffffffff,2017-11-26 02:00:00,280.0,22.9,0.0,54.0,276.35,285.45,101200.0
279,831eb0fffffffff,2016-02-03 05:00:00,240.0,2.1,0.0,91.0,281.55,282.95,102090.0
280,831eb0fffffffff,2016-02-19 11:00:00,,,,39.0,273.95,288.05,
281,831eb0fffffffff,2016-02-25 07:00:00,,,,87.0,279.85,281.95,
282,831eb0fffffffff,2016-03-11 17:00:00,30.0,4.7,0.0,62.0,278.35,285.45,101310.0
283,831eb0fffffffff,2016-03-15 06:00:00,340.0,5.6,0.0,73.0,276.65,281.25,101940.0
284,831eb0fffffffff,2016-05-30 00:00:00,0.0,0.0,0.0,86.0,282.95,285.25,
285,831eb0fffffffff,2016-06-08 11:00:00,280.0,4.3,0.0,73.0,290.55,295.65,101720.0
286,831eb0fffffffff,2016-07-19 06:00:00,,,0.0,,,289.95,
287,831eb0fffffffff,2016-09-02 04:00:00,240.0,3.4,0.0,67.0,288.15,294.55,101910.0
288,831eb0fffffffff,2016-11-12 02:00:00,,,0.0,87.0,276.95,279.15,
289,831eb0fffffffff,2016-11-14 00:00:00,,,0.0,,,279.85,
290,831eb0fffffffff,2016-12-01 10:00:00,190.0,1.7,0.0,54.0,273.15,281.95,
291,831eb0fffffffff,2016-12-30 00:00:00,90.0,11.6,0.0,54.0,272.55,281.35,103490.0
292,831eb0fffffffff,2017-04-11 20:00:00,150.0,0.6,0.0,91.0,283.15,284.55,
293,831eb0fffffffff,2017-04-28 13:00:00,,,,,,287.15,
294,831eb0fffffffff,2017-05-15 19:00:00,280.0,2.0,0.0,49.0,281.75,292.75,
295,831eb0fffffffff,2017-05-28 22:00:00,90.0,1.5,0.0,52.0,283.05,293.25,101950.0
296,831eb0fffffffff,2017-05-31 19:00:00,20.0,1.4,0.0,78.0,291.25,295.25,101980.0
297,831eb0fffffffff,2017-06-30 00:00:00,,,0.0,,,291.15,
298,831eb0fffffffff,2017-08-19 12:00:00,330.0,3.3,0.0,41.0,287.25,301.75,
299,831eb0fffffffff,2017-10-02 03:00:00,250.0,1.8,0.0,89.0,287.15,288.95,102070.0
300,831eb0fffffffff,2017-12-24 11:00:00,,,0.0,,,286.05,
301,831eb0fffffffff,2018-01-11 18:00:00,,,0.0,,,279.75,
302,831eb0fffffffff,2018-02-11 22:00:00,230.0,13.2,0.0,64.0,277.55,284.15,100840.0
303,831eb0fffffffff,2018-05-18 17:00:00,,,0.0,,,293.15,
304,831eb0fffffffff,2018-07-21 22:00:00,50.0,0.6,0.0,58.0,283.25,291.65,
305,831eb0fffffffff,2018-07-27 16:00:00,320.0,4.6,0.0,68.0,293.45,299.85,
306,831eb0fffffffff,2018-10-27 22:00:00,160.0,4.6,0.0,85.0,286.55,289.05,
307,831eb0fffffffff,2018-11-14 04:00:00,,,0.0,,,277.75,
308,831eb0fffffffff,2018-11-28 00:00:00,250.0,2.7,0.0,76.0,273.95,277.85,
309,831eb0fffffffff,2018-12-15 05:00:00,,,0.0,,,266.85,
310,831eb0fffffffff,2018-12-29 12:00:00,,,0.0,,,287.95,
311,831eb2fffffffff,2016-04-11 18:00:00,,,0.0,,,287.85,
312,831eb2fffffffff,2016-06-12 15:00:00,270.0,5.9,0.0,54.0,281.75,291.25,
313,831eb2fffffffff,2016-07-06 14:00:00,210.0,2.7,0.0,50.0,289.05,300.35,
314,831eb2fffffffff,2016-07-30 12:00:00,240.0,8.3,0.0,39.0,290.15,305.95,101520.0
315,831eb2fffffffff,2016-09-08 00:00:00,60.0,1.1,0.0,78.0,287.05,291.05,
316,831eb2fffffffff,2017-02-18 00:00:00,190.0,2.1,,,,,
317,831eb2fffffffff,2017-02-21 00:00:00,360.0,0.6,0.0,83.0,277.65,280.45,
318,831eb2fffffffff,2017-05-16 18:00:00,0.0,0.0,0.0,70.0,287.45,293.05,102350.0
319,831eb2fffffffff,2017-08-17 12:00:00,,,0.0,,,303.55,
320,831eb2fffffffff,2017-08-28 02:00:00,10.0,4.5,,,,,
321,831eb2fffffffff,2017-09-25 02:00:00,40.0,0.6,0.0,76.0,280.65,284.85,
322,831eb2fffffffff,2018-03-30 22:00:00,250.0,5.2,0.0,85.0,283.35,285.85,100620.0
323,831eb2fffffffff,2018-06-14 20:00:00,90.0,1.6,0.0,81.0,290.45,293.85,100930.0
324,831eb2fffffffff,2018-06-26 14:00:00,220.0,3.6,0.0,61.0,289.55,297.55,101650.0
325,831eb2fffffffff,2018-12-13 06:00:00,0.0,0.0,0.0,96.0,279.15,279.85,
326,831eb2fffffffff,2018-12-24 14:00:00,,,0.0,,,288.25,
327,831eb3fffffffff,2016-01-16 03:00:00,290.0,2.2,0.0,57.0,270.75,278.55,100840.0
328,831eb3fffffffff,2016-03-29 03:00:00,,,0.0,,,,
329,831eb3fffffffff,2016-06-07 00:00:00,300.0,1.4,,,,,
330,831eb3fffffffff,2016-09-09 06:00:00,280.0,2.8,0.0,56.0,285.65,294.85,101310.0
331,831eb3fffffffff,2017-01-08 23:00:00,40.0,3.0,0.0,93.0,278.55,279.55,
332,831eb3fffffffff,2017-08-28 16:00:00,,,0.0,33.0,286.35,304.85,
333,831eb3fffffffff,2017-12-29 23:00:00,,,0.0,73.0,272.15,277.45,
334,831eb3fffffffff,2018-01-14 23:00:00,,,0.0,,,279.75,
335,831eb3fffffffff,2018-08-23 21:00:00,280.0,2.5,0.0,52.0,287.35,297.85,101290.0
336,831f90fffffffff,2016-01-16 07:00:00,330.0,11.9,0.0,98.0,269.25,269.55,
337,831f90fffffffff,2016-01-17 06:00:00,,,0.0,,,,
338,831f90fffffffff,2016-01-23 12:00:00,0.0,0.0,0.0,92.0,280.75,281.95,
339,831f90fffffffff,2016-02-18 08:00:00,,,0.0,,,,
340,831f90fffffffff,2016-03-04 19:00:00,,,0.0,,,,
341,831f90fffffffff,2016-03-04 20:00:00,,,0.0,,,,
342,831f90fffffffff,2016-03-14 19:00:00,60.0,1.5,0.0,73.0,273.65,278.05,
343,831f90fffffffff,2016-03-23 16:00:00,350.0,10.0,0.0,53.0,275.25,284.45,100770.0
344,831f90fffffffff,2016-04-08 22:00:00,,,0.0,75.0,275.95,280.05,
345,831f90fffffffff,2016-04-10 03:00:00,20.0,0.6,0.0,79.0,275.25,278.65,
346,831f90fffffffff,2016-04-11 15:00:00,,,0.0,,,,
347,831f90fffffffff,2016-04-25 18:00:00,80.0,0.8,,60.0,274.65,281.95,101370.0
348,831f90fffffffff,2016-04-30 02:00:00,190.0,3.8,0.0,68.0,272.95,278.35,
349,831f90fffffffff,2016-05-05 17:00:00,100.0,3.5,0.0,49.0,279.15,289.95,
350,831f90fffffffff,2016-05-31 21:00:00,320.0,3.0,0.0,95.0,282.75,283.55,
351,831f90fffffffff,2016-06-27 08:00:00,,,0.0,,,284.85,
352,831f90fffffffff,2016-08-04 09:00:00,,,0.0,,,294.25,
353,831f90fffffffff,2016-08-05 16:00:00,330.0,4.8,0.0,63.0,282.55,289.65,
354,831f90fffffffff,2016-08-06 11:00:00,340.0,4.3,0.0,53.0,284.25,294.25,102620.0
355,831f90fffffffff,2016-08-27 10:00:00,200.0,2.8,0.4,41.0,288.95,303.75,
356,831f90fffffffff,2016-08-30 11:00:00,130.0,1.5,0.0,52.0,285.95,296.35,
357,831f90fffffffff,2016-09-09 11:00:00,,,0.0,58.0,285.55,294.15,
358,831f90fffffffff,2016-09-27 21:00:00,,,0.0,,,,
359,831f90fffffffff,2016-10-09 08:00:00,340.0,4.7,0.0,100.0,277.25,277.25,
360,831f90fffffffff,2016-10-30 05:00:00,90.0,3.7,0.0,70.0,275.05,280.15,
361,831f90fffffffff,2016-11-23 19:00:00,,,0.0,,,284.85,
362,831f90fffffffff,2016-12-23 12:00:00,,,0.0,,,,
363,831f90fffffffff,2017-02-11 16:00:00,,,0.0,63.0,277.05,283.75,
364,831f90fffffffff,2017-03-19 19:00:00,0.0,0.0,0.0,71.0,280.65,285.75,101710.0
365,831f90fffffffff,2017-03-31 18:00:00,,,0.0,,,,
366,831f90fffffffff,2017-04-28 14:00:00,350.0,3.0,0.0,77.0,272.35,275.95,
367,831f90fffffffff,2017-05-18 05:00:00,,,0.0,,,,
368,831f90fffffffff,2017-06-03 07:00:00,200.0,1.7,0.0,65.0,288.25,295.15,
369,831f90fffffffff,2017-06-08 11:00:00,,,0.0,,,293.25,
370,831f90fffffffff,2017-06-15 09:00:00,310.0,0.5,0.0,66.0,291.75,298.55,
371,831f90fffffffff,2017-06-27 04:00:00,,,0.0,84.0,287.95,290.65,
372,831f90fffffffff,2017-08-23 03:00:00,,,0.0,,,294.85,
373,831f90fffffffff,2017-09-01 04:00:00,230.0,1.6,0.0,97.0,275.75,276.15,
374,831f90fffffffff,2017-09-21 05:00:00,340.0,0.8,0.0,91.0,276.45,277.75,
375,831f90fffffffff,2017-10-17 19:00:00,,,0.0,,,,
376,831f90fffffffff,2017-10-27 18:00:00,340.0,6.2,0.0,94.0,279.15,280.05,
377,831f90fffffffff,2017-12-03 07:00:00,310.0,1.9,0.0,89.0,268.75,270.35,
378,831f90fffffffff,2017-12-07 04:00:00,190.0,2.2,0.0,82.0,270.95,273.65,
379,831f90fffffffff,2018-01-24 18:00:00,,,0.0,,,284.95,
380,831f90fffffffff,2018-02-26 22:00:00,20.0,5.2,0.0,49.0,255.65,264.45,
381,831f90fffffffff,2018-03-02 17:00:00,200.0,5.4,0.0,42.0,270.45,282.75,99630.0
382,831f90fffffffff,2018-04-01 22:00:00,130.0,4.3,0.0,62.0,269.95,276.55,
383,831f90fffffffff,2018-05-04 12:00:00,,,0.0,,,288.45,
384,831f90fffffffff,2018-05-20 05:00:00,,,0.0,,,281.35,
385,831f90fffffffff,2018-06-07 02:00:00,,,0.0,96.0,287.95,288.55,
386,831f90fffffffff,2018-07-09 07:00:00,20.0,3.6,0.0,58.0,282.35,290.75,
387,831f90fffffffff,2018-08-21 04:00:00,130.0,1.5,0.0,95.0,287.35,288.15,
388,831f90fffffffff,2018-09-08 03:00:00,190.0,1.4,0.0,93.0,281.35,282.45,
389,831f90fffffffff,2018-11-14 18:00:00,260.0,0.8,0.0,98.0,277.65,277.95,
390,831f90fffffffff,2018-11-23 14:00:00,,,0.0,,,,
391,831f90fffffffff,2018-11-28 15:00:00,170.0,1.5,0.0,66.0,278.05,284.15,
392,831f91fffffffff,2016-02-21 16:00:00,250.0,0.7,0.0,54.0,281.15,290.55,
393,831f91fffffffff,2016-04-09 18:00:00,320.0,1.6,0.0,75.0,276.65,280.85,
394,831f91fffffffff,2016-06-09 10:00:00,10.0,4.8,0.0,70.0,288.85,294.55,101520.0
395,831f91fffffffff,2016-06-20 07:00:00,150.0,1.0,0.0,89.0,284.35,286.15,
396,831f91fffffffff,2016-07-29 13:00:00,,,0.0,,,,
397,831f91fffffffff,2016-08-30 22:00:00,200.0,1.4,0.0,82.0,288.95,292.05,101930.0
398,831f91fffffffff,2016-11-01 02:00:00,0.0,0.0,0.0,99.0,278.25,278.35,102530.0
399,831f91fffffffff,2016-12-14 12:00:00,,,0.0,,,,
400,831f91fffffffff,2017-01-22 10:00:00,,,,95.0,266.95,267.65,
401,831f91fffffffff,2017-03-09 20:00:00,290.0,3.3,0.0,95.0,278.65,279.35,
402,831f91fffffffff,2017-04-11 07:00:00,10.0,4.8,0.0,76.0,281.35,285.45,102230.0
403,831f91fffffffff,2017-04-23 16:00:00,100.0,3.2,0.0,55.0,273.35,281.85,
404,831f91fffffffff,2017-05-25 06:00:00,360.0,1.2,0.0,78.0,284.85,288.65,101900.0
405,831f91fffffffff,2017-08-18 11:00:00,200.0,3.1,0.0,,,299.65,
406,831f91fffffffff,2017-08-23 13:00:00,100.0,2.3,0.0,35.0,287.15,304.45,101440.0
407,831f91fffffffff,2017-10-12 15:00:00,360.0,1.5,0.0,63.0,286.85,294.15,102550.0
408,831f91fffffffff,2017-11-15 15:00:00,,,0.0,,,,
409,831f91fffffffff,2018-01-03 08:00:00,350.0,1.1,0.0,100.0,279.85,279.85,
410,831f91fffffffff,2018-01-12 14:00:00,,,0.0,,,,
411,831f91fffffffff,2018-01-19 15:00:00,,,0.0,,,275.25,
412,831f91fffffffff,2018-01-21 07:00:00,230.0,2.3,0.0,78.0,276.55,280.15,
413,831f91fffffffff,2018-05-09 07:00:00,,,0.0,,,,
414,831f91fffffffff,2018-06-12 21:00:00,80.0,3.4,0.0,96.0,286.65,287.25,
415,831f91fffffffff,2018-06-20 15:00:00,,,0.0,,,302.55,
416,831f91fffffffff,2018-07-15 08:00:00,280.0,5.5,0.0,85.0,284.55,287.05,
417,831f91fffffffff,2018-08-18 18:00:00,50.0,0.5,0.0,,,293.65,
418,831f91fffffffff,2018-10-30 04:00:00,,,0.0,,,272.25,
419,831f91fffffffff,2018-11-15 06:00:00,,,0.0,,,280.05,
420,831f91fffffffff,2018-11-16 11:00:00,,,0.0,,,282.15,
421,831f91fffffffff,2018-12-31 16:00:00,,,0.0,,,276.45,
422,831f92fffffffff,2016-01-10 01:00:00,,,0.0,,,,
423,831f92fffffffff,2016-03-02 20:00:00,,,0.0,85.0,270.55,272.75,
424,831f92fffffffff,2016-03-19 04:00:00,230.0,1.0,0.0,92.0,268.25,269.35,
425,831f92fffffffff,2016-04-02 22:00:00,170.0,10.7,0.6,93.0,278.65,279.75,
426,831f92fffffffff,2016-05-07 00:00:00,130.0,2.4,0.0,65.0,275.25,281.45,
427,831f92fffffffff,2016-06-24 02:00:00,230.0,2.3,0.0,62.0,279.95,287.15,
428,831f92fffffffff,2016-07-20 10:00:00,,,0.0,,,302.55,
429,831f92fffffffff,2016-08-18 21:00:00,300.0,0.6,0.0,87.0,285.55,287.65,
430,831f92fffffffff,2016-08-21 22:00:00,170.0,0.8,0.0,90.0,278.75,280.25,
431,831f92fffffffff,2016-09-08 12:00:00,,,0.0,,,296.65,
432,831f92fffffffff,2016-11-20 16:00:00,160.0,15.8,0.2,99.0,278.15,278.25,
433,831f92fffffffff,2016-11-29 18:00:00,0.0,0.0,0.0,87.0,276.15,278.15,
434,831f92fffffffff,2017-02-02 18:00:00,180.0,9.0,0.0,71.0,277.75,282.75,
435,831f92fffffffff,2017-02-21 04:00:00,220.0,0.9,0.0,99.0,274.85,274.95,
436,831f92fffffffff,2017-04-19 20:00:00,,,0.0,,,,
437,831f92fffffffff,2017-05-17 06:00:00,,,0.0,,,,
438,831f92fffffffff,2017-06-02 12:00:00,200.0,1.1,0.0,44.0,283.15,296.05,
439,831f92fffffffff,2017-08-26 10:00:00,,,0.0,,,,
440,831f92fffffffff,2017-10-28 15:00:00,340.0,6.8,0.0,62.0,273.25,280.05,
441,831f92fffffffff,2017-12-10 23:00:00,160.0,6.5,,93.0,277.45,278.45,
442,831f92fffffffff,2017-12-16 07:00:00,,,0.0,,,271.45,
443,831f92fffffffff,2018-01-29 08:00:00,,,0.0,,,275.95,
444,831f92fffffffff,2018-04-27 20:00:00,310.0,2.1,0.0,66.0,279.15,285.35,
445,831f92fffffffff,2018-04-30 18:00:00,,,0.0,,,,
446,831f92fffffffff,2018-05-22 01:00:00,,,0.0,,,281.85,
447,831f92fffffffff,2018-10-09 19:00:00,160.0,2.9,0.0,83.0,281.55,284.35,
448,831f92fffffffff,2018-10-12 14:00:00,,,0.0,,,286.05,
449,831f92fffffffff,2018-11-01 10:00:00,180.0,4.3,0.0,96.0,276.75,277.35,
450,831f92fffffffff,2018-11-23 22:00:00,,,0.0,,,281.35,
451,831f92fffffffff,2018-12-13 12:00:00,,,0.0,,,276.15,
452,831f92fffffffff,2018-12-23 19:00:00,,,0.0,,,283.45,
453,831f92fffffffff,2018-12-28 23:00:00,60.0,6.7,0.0,99.0,271.35,271.45,
454,831f93fffffffff,2016-01-18 10:00:00,260.0,0.7,0.0,,,270.45,
455,831f93fffffffff,2016-01-29 16:00:00,,,0.0,,,,
456,831f93fffffffff,2016-03-16 05:00:00,,,0.0,,,,
457,831f93fffffffff,2016-03-20 12:00:00,250.0,0.8,0.0,54.0,278.55,287.75,
458,831f93fffffffff,2016-03-20 14:00:00,,,0.0,,,,
459,831f93fffffffff,2016-03-25 09:00:00,,,0.0,53.0,275.15,284.35,
460,831f93fffffffff,2016-04-01 10:00:00,350.0,1.5,0.0,92.0,279.75,280.95,
461,831f93fffffffff,2016-04-05 16:00:00,,,0.0,,,,
462,831f93fffffffff,2016-04-13 14:00:00,170.0,3.4,0.0,63.0,282.75,289.85,
463,831f93fffffffff,2016-04-20 20:00:00,,,0.0,72.0,,,
464,831f93fffffffff,2016-05-18 23:00:00,280.0,3.5,0.0,90.0,279.75,281.25,
465,831f93fffffffff,2016-05-24 18:00:00,,,0.0,,,286.55,
466,831f93fffffffff,2016-06-13 11:00:00,,,0.0,,,,
467,831f93fffffffff,2016-07-02 20:00:00,360.0,5.2,0.0,60.0,285.85,293.85,102040.0
468,831f93fffffffff,2016-07-06 11:00:00,,,0.0,,,,
469,831f93fffffffff,2016-07-06 18:00:00,30.0,1.2,0.0,,,297.15,
470,831f93fffffffff,2016-07-12 09:00:00,,,0.0,,,,
471,831f93fffffffff,2016-07-14 09:00:00,,,0.0,,,,
472,831f93fffffffff,2016-07-23 12:00:00,350.0,5.4,0.0,75.0,286.95,291.45,
473,831f93fffffffff,2016-08-08 01:00:00,210.0,0.6,0.0,98.0,282.65,282.95,
474,831f93fffffffff,2016-09-04 18:00:00,,,0.0,,,300.95,
475,831f93fffffffff,2016-10-16 01:00:00,30.0,1.2,0.0,75.0,277.15,281.35,
476,831f93fffffffff,2016-10-16 21:00:00,,,0.0,,,,
477,831f93fffffffff,2016-11-13 23:00:00,30.0,5.4,0.0,85.0,279.35,281.75,102420.0
478,831f93fffffffff,2017-01-06 00:00:00,,,0.0,80.0,270.65,273.65,
479,831f93fffffffff,2017-01-12 19:00:00,,,0.0,,,,
480,831f93fffffffff,2017-01-28 00:00:00,,,0.0,46.0,270.15,281.05,
481,831f93fffffffff,2017-02-18 00:00:00,340.0,4.3,0.0,72.0,275.15,279.85,
482,831f93fffffffff,2017-03-05 22:00:00,170.0,4.1,0.0,98.0,277.95,278.25,
483,831f93fffffffff,2017-03-23 02:00:00,,,0.0,79.0,281.45,284.95,
484,831f93fffffffff,2017-06-16 17:00:00,,,0.0,,,,
485,831f93fffffffff,2017-06-27 17:00:00,,,0.0,50.0,286.75,297.85,
486,831f93fffffffff,2017-07-30 03:00:00,,,0.0,,,,
487,831f93fffffffff,2017-07-30 23:00:00,240.0,0.9,0.0,65.0,285.05,291.75,
488,831f93fffffffff,2017-08-08 20:00:00,360.0,1.3,0.0,91.0,289.95,291.45,101560.0
489,831f93fffffffff,2017-08-10 10:00:00,,,0.0,,,291.85,
490,831f93fffffffff,2017-08-11 14:00:00,,,0.0,,,,
491,831f93fffffffff,2017-09-25 05:00:00,,,0.0,,,,
492,831f93fffffffff,2017-10-04 13:00:00,340.0,3.8,0.0,57.0,284.15,292.95,
493,831f93fffffffff,2017-10-19 23:00:00,90.0,2.7,0.0,79.0,279.95,283.45,101500.0
494,831f93fffffffff,2017-11-25 05:00:00,,,0.0,,,,
495,831f93fffffffff,2017-12-01 00:00:00,,,0.0,,,,
496,831f93fffffffff,2017-12-25 08:00:00,,,0.0,,,,
497,831f93fffffffff,2017-12-26 10:00:00,,,0.0,,,,
498,831f93fffffffff,2018-01-01 21:00:00,280.0,6.8,0.0,73.0,273.45,277.85,
499,831f93fffffffff,2018-01-08 12:00:00,180.0,2.9,0.0,39.0,271.45,284.95,
500,831f93fffffffff,2018-02-08 11:00:00,30.0,3.3,0.0,86.0,269.85,271.85,
501,831f93fffffffff,2018-02-13 17:00:00,,,0.0,,,,
502,831f93fffffffff,2018-02-14 09:00:00,,,0.0,,,,
503,831f93fffffffff,2018-02-21 03:00:00,,,0.0,,,,
504,831f93fffffffff,2018-03-01 06:00:00,,,0.0,,,,
505,831f93fffffffff,2018-03-07 23:00:00,,,0.0,,,,
506,831f93fffffffff,2018-03-09 03:00:00,,,0.0,76.0,273.65,277.45,
507,831f93fffffffff,2018-04-14 05:00:00,150.0,3.2,0.0,82.0,279.85,282.75,
508,831f93fffffffff,2018-04-24 18:00:00,,,0.0,,,,
509,831f93fffffffff,2018-04-26 23:00:00,,,0.0,,,,
510,831f93fffffffff,2018-05-08 04:00:00,260.0,0.6,0.0,97.0,281.85,282.35,
511,831f93fffffffff,2018-05-18 04:00:00,340.0,1.3,0.0,85.0,284.35,286.85,
512,831f93fffffffff,2018-06-27 11:00:00,,,0.0,,,,
513,831f93fffffffff,2018-08-19 20:00:00,,,0.0,47.0,285.25,297.25,
514,831f93fffffffff,2018-09-14 14:00:00,340.0,5.1,0.0,52.0,285.45,295.85,101830.0
515,831f93fffffffff,2018-09-15 11:00:00,,,0.0,,,,
516,831f93fffffffff,2018-10-13 06:00:00,,,0.0,,,,
517,831f93fffffffff,2018-10-15 17:00:00,,,0.0,94.0,288.15,289.15,
518,831f93fffffffff,2018-10-26 16:00:00,,,0.0,,,287.75,
519,831f93fffffffff,2018-12-05 12:00:00,200.0,0.9,0.0,53.0,276.35,285.65,
520,831f93fffffffff,2018-12-12 23:00:00,70.0,3.5,0.0,74.0,270.15,274.25,
521,831f93fffffffff,2018-12-13 14:00:00,,,0.0,,,275.55,
522,831f93fffffffff,2018-12-19 21:00:00,,,0.0,,,276.25,
523,831f94fffffffff,2017-03-06 14:00:00,260.0,9.2,0.0,73.0,277.15,281.75,100470.0
524,831f94fffffffff,2017-05-31 13:00:00,,,0.0,,,289.25,
525,831f94fffffffff,2018-01-26 12:00:00,,,0.0,,,277.55,
526,831f96fffffffff,2016-01-14 23:00:00,290.0,4.7,0.0,69.0,272.35,277.55,101860.0
527,831f96fffffffff,2016-01-26 07:00:00,,,0.0,,,279.85,
528,831f96fffffffff,2016-02-04 18:00:00,170.0,0.8,0.2,99.0,275.85,275.95,
529,831f96fffffffff,2016-03-27 09:00:00,,,0.0,,,273.15,
530,831f96fffffffff,2016-04-18 07:00:00,30.0,1.8,0.0,99.0,276.75,276.85,
531,831f96fffffffff,2016-05-13 07:00:00,,,0.0,,,,
532,831f96fffffffff,2016-06-11 06:00:00,,,0.0,,,286.15,
533,831f96fffffffff,2016-06-15 16:00:00,40.0,2.5,0.0,65.0,285.85,292.65,100020.0
534,831f96fffffffff,2016-07-11 03:00:00,,,0.0,,,,
535,831f96fffffffff,2016-08-08 14:00:00,,,0.0,,,296.95,
536,831f96fffffffff,2016-09-15 19:00:00,140.0,1.2,0.0,91.0,285.75,287.15,101450.0
537,831f96fffffffff,2016-10-26 18:00:00,,,0.0,,,283.15,
538,831f96fffffffff,2016-12-12 07:00:00,,,0.0,,,,
539,831f96fffffffff,2017-03-12 23:00:00,,,0.0,,,,
540,831f96fffffffff,2017-03-16 02:00:00,120.0,1.7,0.0,96.0,277.85,278.45,
541,831f96fffffffff,2017-04-03 22:00:00,20.0,3.2,0.0,62.0,276.75,283.75,
542,831f96fffffffff,2017-04-23 04:00:00,,,0.0,,,276.45,
543,831f96fffffffff,2017-07-21 20:00:00,,,0.0,,,289.85,
544,831f96fffffffff,2017-09-06 12:00:00,330.0,2.1,0.0,56.0,280.25,289.05,
545,831f96fffffffff,2017-09-19 18:00:00,,,0.0,,,,
546,831f96fffffffff,2017-10-02 01:00:00,270.0,4.2,0.0,95.0,284.95,285.75,
547,831f96fffffffff,2017-10-13 09:00:00,150.0,1.7,0.0,42.0,277.65,290.75,
548,831f96fffffffff,2017-10-29 21:00:00,,,0.0,,,280.35,
549,831f96fffffffff,2017-11-16 19:00:00,,,0.0,,,274.55,
550,831f96fffffffff,2017-12-19 19:00:00,,,0.0,,,275.65,
551,831f96fffffffff,2018-01-23 16:00:00,,,0.0,,,278.65,
552,831f96fffffffff,2018-02-05 10:00:00,100.0,9.5,0.0,86.0,269.05,271.05,
553,831f96fffffffff,2018-03-01 11:00:00,,,0.0,,,284.35,
554,831f96fffffffff,2018-03-11 04:00:00,,,0.0,,,281.25,
555,831f96fffffffff,2018-06-11 01:00:00,,,0.0,,,288.15,
556,831f96fffffffff,2018-07-07 19:00:00,50.0,1.9,0.0,59.0,285.15,293.45,
557,831f96fffffffff,2018-07-28 05:00:00,330.0,2.0,0.2,84.0,288.55,291.25,
558,831f96fffffffff,2018-08-09 11:00:00,230.0,1.9,0.0,95.0,288.25,289.05,
559,831f96fffffffff,2018-08-24 01:00:00,250.0,2.4,0.0,88.0,286.85,288.85,
560,831f96fffffffff,2018-09-01 02:00:00,40.0,5.4,0.0,95.0,280.45,281.25,
561,831f96fffffffff,2018-09-28 22:00:00,30.0,4.4,0.0,70.0,282.45,287.85,
562,831f96fffffffff,2018-10-24 05:00:00,,,0.0,,,277.05,
563,831f96fffffffff,2018-10-27 10:00:00,20.0,2.8,0.0,84.0,276.15,278.65,
564,831f96fffffffff,2018-11-09 01:00:00,,,0.0,,,,
565,831f96fffffffff,2018-11-24 03:00:00,170.0,3.0,0.0,93.0,276.55,277.55,
566,831f9afffffffff,2016-02-23 18:00:00,20.0,1.7,0.0,93.0,280.05,281.15,
567,831f9afffffffff,2016-05-08 07:00:00,140.0,2.9,0.0,74.0,274.95,279.25,
568,831f9afffffffff,2016-05-12 11:00:00,230.0,6.0,0.0,84.0,281.55,284.15,
569,831f9afffffffff,2016-07-17 05:00:00,,,0.0,,,283.75,
570,831f9afffffffff,2016-10-13 05:00:00,110.0,7.5,0.0,98.0,276.25,276.55,
571,831f9afffffffff,2016-11-23 21:00:00,,,0.0,,,286.25,
572,831f9afffffffff,2016-12-14 22:00:00,260.0,0.7,0.0,41.0,262.25,274.05,
573,831f9afffffffff,2017-01-09 18:00:00,,,0.0,,,272.75,
574,831f9afffffffff,2017-01-13 02:00:00,,,0.0,,,274.75,
575,831f9afffffffff,2017-03-01 16:00:00,,,0.0,,,282.75,
576,831f9afffffffff,2017-06-25 20:00:00,30.0,0.8,0.0,42.0,277.35,290.35,
577,831f9afffffffff,2017-08-10 03:00:00,,,0.0,,,288.05,
578,831f9afffffffff,2017-10-13 15:00:00,290.0,2.4,0.0,36.0,275.65,290.95,
579,831f9afffffffff,2017-11-01 04:00:00,130.0,0.7,0.0,68.0,261.55,266.45,
580,831f9afffffffff,2017-11-06 18:00:00,50.0,3.5,0.0,67.0,272.65,278.25,
581,831f9afffffffff,2018-01-18 17:00:00,300.0,1.8,0.0,80.0,269.45,272.45,
582,831f9afffffffff,2018-05-14 16:00:00,,,0.0,,,284.05,
583,831f9afffffffff,2018-08-22 04:00:00,,,0.0,,,287.25,
584,831f9afffffffff,2018-10-31 18:00:00,340.0,1.5,0.0,,,,
585,831f9cfffffffff,2016-04-06 13:00:00,0.0,0.0,0.0,87.0,277.35,279.35,
586,831f9cfffffffff,2017-03-23 04:00:00,120.0,1.3,0.0,84.0,272.65,275.05,
587,831f9cfffffffff,2017-09-27 21:00:00,,,0.0,,,282.05,
588,831f9cfffffffff,2017-10-27 03:00:00,0.0,0.0,0.0,99.0,274.25,274.35,
589,831f9cfffffffff,2017-11-11 07:00:00,80.0,1.6,0.0,96.0,272.85,273.45,
590,831f9cfffffffff,2017-11-25 12:00:00,220.0,1.6,0.0,95.0,275.15,275.85,
591,831f9cfffffffff,2018-04-20 00:00:00,,,0.0,,,280.95,
592,831f9cfffffffff,2018-09-27 11:00:00,,,0.0,40.0,277.45,291.25,
593,831f9efffffffff,2016-01-13 11:00:00,230.0,1.4,0.0,91.0,271.45,272.75,
594,831f9efffffffff,2016-01-14 00:00:00,0.0,0.0,0.0,74.0,258.55,262.25,
595,831f9efffffffff,2016-02-16 06:00:00,0.0,0.0,0.0,89.0,273.15,274.75,
596,831f9efffffffff,2016-03-04 01:00:00,320.0,2.1,0.0,94.0,273.95,274.85,101330.0
597,831f9efffffffff,2016-04-09 08:00:00,320.0,1.5,0.0,86.0,269.15,271.15,
598,831f9efffffffff,2016-04-12 08:00:00,230.0,7.8,,,,,
599,831f9efffffffff,2016-04-15 06:00:00,0.0,0.0,0.0,70.0,269.85,274.75,
600,831f9efffffffff,2016-04-17 16:00:00,220.0,8.1,,,,,
601,831f9efffffffff,2016-06-17 07:00:00,40.0,0.6,0.0,93.0,274.95,275.95,
602,831f9efffffffff,2016-07-02 11:00:00,240.0,1.5,0.0,84.0,286.85,289.55,
603,831f9efffffffff,2016-08-27 06:00:00,40.0,0.7,0.0,69.0,284.35,290.05,
604,831f9efffffffff,2016-09-28 12:00:00,30.0,3.1,0.0,42.0,273.55,286.15,
605,831f9efffffffff,2016-11-06 08:00:00,70.0,4.2,0.2,87.0,274.35,276.35,
606,831f9efffffffff,2016-11-19 11:00:00,360.0,0.7,0.0,99.0,271.65,271.75,
607,831f9efffffffff,2016-12-25 09:00:00,,,0.0,,,275.55,
608,831f9efffffffff,2016-12-27 04:00:00,10.0,0.6,0.0,89.0,269.65,271.25,
609,831f9efffffffff,2017-01-02 11:00:00,250.0,2.2,0.0,18.0,254.55,276.75,
610,831f9efffffffff,2017-01-31 20:00:00,0.0,0.0,0.0,97.0,276.45,276.85,
611,831f9efffffffff,2017-02-02 06:00:00,40.0,2.4,0.0,97.0,275.15,275.55,101510.0
612,831f9efffffffff,2017-03-22 14:00:00,,,0.0,,,,
613,831f9efffffffff,2017-04-06 12:00:00,,,0.0,,,276.75,
614,831f9efffffffff,2017-05-24 22:00:00,40.0,1.5,0.0,52.0,283.25,293.45,
615,831f9efffffffff,2017-06-15 18:00:00,,,0.0,,,295.25,
616,831f9efffffffff,2017-06-16 22:00:00,10.0,0.6,0.0,72.0,279.35,284.25,
617,831f9efffffffff,2017-10-16 07:00:00,100.0,0.6,0.0,78.0,270.35,273.75,
618,831f9efffffffff,2017-11-04 10:00:00,360.0,0.9,0.0,53.0,272.25,281.25,
619,831f9efffffffff,2017-11-27 02:00:00,220.0,0.5,0.0,78.0,266.05,269.35,
620,831f9efffffffff,2018-02-12 22:00:00,60.0,5.6,0.0,44.0,254.45,264.55,102050.0
621,831f9efffffffff,2018-03-01 14:00:00,,,0.0,,,280.55,
622,831f9efffffffff,2018-03-21 03:00:00,,,0.0,,,272.35,
623,831f9efffffffff,2018-04-01 20:00:00,,,0.0,,,272.35,
624,831f9efffffffff,2018-04-02 08:00:00,0.0,0.0,0.0,40.0,265.95,278.45,101450.0
625,831f9efffffffff,2018-05-02 03:00:00,,,0.0,,,271.15,
626,831f9efffffffff,2018-06-08 16:00:00,330.0,2.0,0.0,78.0,282.35,286.05,
627,831f9efffffffff,2018-07-15 07:00:00,,,0.0,78.0,288.15,292.05,
628,831f9efffffffff,2018-10-12 07:00:00,130.0,1.9,0.0,61.0,280.65,288.15,
629,831fb2fffffffff,2017-12-04 02:00:00,,,0.0,99.0,276.15,276.25,
630,831fb2fffffffff,2018-01-14 16:00:00,,,0.0,,,,
631,831fb2fffffffff,2018-12-27 05:00:00,0.0,0.0,0.0,97.0,270.65,271.05,
632,831fb4fffffffff,2016-03-01 23:00:00,250.0,7.0,0.0,87.0,280.15,282.25,
633,831fb4fffffffff,2016-07-24 06:00:00,,,0.0,75.0,286.55,293.75,
634,831fb4fffffffff,2016-08-06 02:00:00,280.0,1.3,0.0,95.0,284.15,284.95,
635,831fb4fffffffff,2016-11-04 21:00:00,,,0.2,,,280.05,
636,831fb4fffffffff,2016-12-27 12:00:00,140.0,1.6,0.0,77.0,275.55,279.25,
637,831fb4fffffffff,2017-02-03 18:00:00,230.0,6.8,0.2,97.0,279.75,280.15,
638,831fb4fffffffff,2017-05-14 10:00:00,260.0,3.2,0.0,,,289.45,
639,831fb4fffffffff,2017-12-26 16:00:00,,,0.0,,,279.75,
640,831fb4fffffffff,2018-01-06 07:00:00,100.0,1.2,0.0,95.0,277.15,277.85,
641,831fb4fffffffff,2018-04-19 18:00:00,200.0,3.8,0.0,49.0,286.05,297.45,
642,831fb4fffffffff,2018-09-08 00:00:00,,,0.0,,,282.25,
643,831fb4fffffffff,2018-09-12 00:00:00,,,0.0,,,286.95,
644,831fb4fffffffff,2018-12-27 19:00:00,220.0,1.8,0.0,100.0,272.75,272.75,
645,831fb6fffffffff,2016-03-23 21:00:00,,,0.0,,,,
646,831fb6fffffffff,2016-05-12 10:00:00,,,0.0,,,287.05,
647,831fb6fffffffff,2016-05-21 00:00:00,,,0.0,97.0,284.55,285.25,
648,831fb6fffffffff,2016-06-08 03:00:00,,,0.0,,,285.75,
649,831fb6fffffffff,2016-07-26 02:00:00,,,0.0,,,,
650,831fb6fffffffff,2016-08-24 14:00:00,150.0,1.6,0.0,29.0,287.85,308.55,101620.0
651,831fb6fffffffff,2016-09-05 18:00:00,320.0,2.0,0.0,72.0,290.25,295.55,
652,831fb6fffffffff,2016-10-12 07:00:00,20.0,1.5,0.0,99.0,273.55,273.65,
653,831fb6fffffffff,2016-11-04 17:00:00,,,,98.0,280.35,280.65,101120.0
654,831fb6fffffffff,2016-12-20 11:00:00,200.0,1.9,0.0,87.0,274.55,276.55,102250.0
655,831fb6fffffffff,2017-02-09 19:00:00,,,0.0,95.0,273.55,274.45,
656,831fb6fffffffff,2017-03-16 07:00:00,,,0.0,100.0,278.25,279.05,
657,831fb6fffffffff,2017-04-02 01:00:00,,,0.0,87.0,279.25,281.65,
658,831fb6fffffffff,2017-04-16 17:00:00,320.0,3.9,0.0,49.0,276.05,286.55,102370.0
659,831fb6fffffffff,2017-07-05 13:00:00,90.0,5.4,0.0,27.0,283.85,305.15,101450.0
660,831fb6fffffffff,2017-07-15 22:00:00,320.0,0.9,0.0,60.0,283.85,291.75,
661,831fb6fffffffff,2017-11-30 07:00:00,,,0.0,100.0,275.15,274.95,
662,831fb6fffffffff,2018-01-19 14:00:00,,,,71.0,275.85,280.75,101670.0
663,831fb6fffffffff,2018-01-25 07:00:00,220.0,5.4,0.0,94.0,280.15,281.05,101510.0
664,831fb6fffffffff,2018-01-31 19:00:00,,,0.0,100.0,280.35,280.65,
665,831fb6fffffffff,2018-02-15 00:00:00,,,0.0,100.0,277.75,277.85,
666,831fb6fffffffff,2018-04-06 19:00:00,120.0,3.8,0.0,59.0,280.15,288.05,
667,831fb6fffffffff,2018-06-02 02:00:00,,,0.0,100.0,287.85,287.75,
668,831fb6fffffffff,2018-06-15 01:00:00,260.0,1.2,0.0,96.0,287.85,288.45,
669,831fb6fffffffff,2018-09-05 15:00:00,,,0.0,54.0,288.05,297.85,
670,831fb6fffffffff,2018-09-09 21:00:00,,,0.0,59.0,284.25,292.35,
671,831fb6fffffffff,2018-09-24 00:00:00,,,0.0,91.0,279.35,280.75,
672,831fb6fffffffff,2018-10-22 08:00:00,360.0,5.3,0.0,84.0,282.45,285.05,
673,833960fffffffff,2016-10-02 08:00:00,0.0,0.0,0.0,91.0,285.95,287.45,101780.0
674,833960fffffffff,2017-01-23 22:00:00,310.0,9.3,0.0,92.0,273.85,275.05,
675,833960fffffffff,2018-02-24 19:00:00,,,0.0,,,277.05,
676,833961fffffffff,2016-01-09 11:00:00,,,0.0,,,281.95,
677,833961fffffffff,2016-01-11 09:00:00,290.0,12.7,0.0,97.0,277.85,278.25,
678,833961fffffffff,2016-02-22 09:00:00,200.0,7.6,0.0,55.0,272.95,281.45,
679,833961fffffffff,2016-04-17 23:00:00,270.0,3.0,0.0,75.0,276.55,280.75,
680,833961fffffffff,2016-04-18 19:00:00,20.0,3.4,0.0,49.0,271.35,281.45,
681,833961fffffffff,2016-04-27 08:00:00,310.0,8.5,0.0,42.0,272.65,285.15,
682,833961fffffffff,2016-05-16 04:00:00,,,0.0,,,,
683,833961fffffffff,2016-07-14 10:00:00,,,0.0,,,288.95,
684,833961fffffffff,2016-08-11 03:00:00,300.0,3.8,0.0,46.0,278.35,290.05,
685,833961fffffffff,2016-09-11 00:00:00,30.0,3.2,0.0,74.0,286.15,290.85,101720.0
686,833961fffffffff,2016-10-01 13:00:00,310.0,1.9,0.0,68.0,282.25,288.35,
687,833961fffffffff,2016-10-13 15:00:00,130.0,5.8,0.0,98.0,287.65,287.95,
688,833961fffffffff,2016-10-15 20:00:00,40.0,2.1,0.0,91.0,284.65,286.05,
689,833961fffffffff,2016-10-16 11:00:00,,,0.0,,,287.05,
690,833961fffffffff,2016-12-28 10:00:00,50.0,6.7,0.0,22.0,259.35,279.55,
691,833961fffffffff,2017-01-05 02:00:00,,,0.0,,,271.45,
692,833961fffffffff,2017-02-18 14:00:00,,,0.0,,,286.45,
693,833961fffffffff,2017-02-24 21:00:00,340.0,10.2,0.0,66.0,267.55,273.15,
694,833961fffffffff,2017-02-25 11:00:00,90.0,2.5,0.0,33.0,260.75,275.45,
695,833961fffffffff,2017-03-14 03:00:00,,,0.0,,,282.75,
696,833961fffffffff,2017-04-02 20:00:00,350.0,14.5,0.0,98.0,274.15,274.45,
697,833961fffffffff,2017-04-20 00:00:00,30.0,4.9,0.0,34.0,262.45,276.95,
698,833961fffffffff,2017-04-30 22:00:00,300.0,8.1,0.0,100.0,274.15,274.15,
699,833961fffffffff,2017-05-21 18:00:00,150.0,4.1,0.0,38.0,279.95,294.85,
700,833961fffffffff,2017-06-09 01:00:00,270.0,2.6,0.0,84.0,284.65,287.35,
701,833961fffffffff,2017-06-15 02:00:00,290.0,0.9,0.0,93.0,286.45,287.55,
702,833961fffffffff,2017-07-07 07:00:00,,,0.0,,,292.65,
703,833961fffffffff,2017-07-17 02:00:00,160.0,3.4,0.0,57.0,282.15,290.75,
704,833961fffffffff,2017-08-18 23:00:00,,,0.0,74.0,287.35,292.05,
705,833961fffffffff,2017-09-04 22:00:00,,,0.0,,,291.55,
706,833961fffffffff,2018-01-04 20:00:00,,,0.0,,,,
707,833961fffffffff,2018-03-15 12:00:00,250.0,6.5,0.0,40.0,275.75,289.35,
708,833961fffffffff,2018-04-27 05:00:00,,,0.0,,,273.85,
709,833961fffffffff,2018-05-02 09:00:00,60.0,2.4,0.0,72.0,275.95,281.05,
710,833961fffffffff,2018-06-12 12:00:00,230.0,5.1,0.0,60.0,284.35,292.35,100690.0
711,833961fffffffff,2018-07-30 13:00:00,180.0,3.1,0.0,60.0,287.65,295.85,
712,833961fffffffff,2018-10-30 04:00:00,250.0,3.9,0.0,68.0,274.05,279.55,
713,833961fffffffff,2018-12-04 12:00:00,320.0,5.8,0.0,97.0,280.45,280.85,
714,833961fffffffff,2018-12-08 02:00:00,310.0,5.3,0.2,85.0,275.05,277.35,
715,833963fffffffff,2016-01-09 23:00:00,120.0,0.8,0.0,98.0,276.95,277.25,
716,833963fffffffff,2016-02-16 06:00:00,300.0,12.5,0.0,66.0,271.25,277.05,102330.0
717,833963fffffffff,2016-03-08 10:00:00,290.0,5.4,0.0,77.0,270.65,274.55,
718,833963fffffffff,2016-04-05 01:00:00,150.0,4.9,0.0,87.0,284.35,286.45,
719,833963fffffffff,2016-05-03 18:00:00,290.0,6.5,0.0,44.0,276.55,288.75,
720,833963fffffffff,2016-05-06 09:00:00,80.0,7.6,0.0,56.0,278.15,286.85,
721,833963fffffffff,2016-08-11 01:00:00,280.0,2.7,0.0,40.0,277.45,291.25,102140.0
722,833963fffffffff,2016-08-12 03:00:00,270.0,2.0,0.0,60.0,281.05,288.75,102590.0
723,833963fffffffff,2016-08-14 19:00:00,90.0,3.9,0.0,60.0,288.05,296.25,102000.0
724,833963fffffffff,2016-08-24 16:00:00,100.0,6.4,0.0,37.0,285.25,301.35,101770.0
725,833963fffffffff,2016-10-15 04:00:00,0.0,0.0,0.0,94.0,284.45,285.35,
726,833963fffffffff,2016-11-05 08:00:00,220.0,5.0,0.0,79.0,279.15,282.65,
727,833963fffffffff,2016-12-24 00:00:00,80.0,1.4,0.0,79.0,271.95,275.25,103780.0
728,833963fffffffff,2017-03-26 04:00:00,320.0,4.7,0.0,87.0,278.65,280.65,101650.0
729,833963fffffffff,2017-04-06 18:00:00,320.0,8.5,0.0,43.0,275.55,288.05,
730,833963fffffffff,2017-06-01 02:00:00,190.0,1.3,0.0,82.0,287.35,290.45,
731,833963fffffffff,2017-06-18 13:00:00,,,0.0,43.0,286.85,300.55,
732,833963fffffffff,2017-07-13 10:00:00,310.0,6.0,0.0,50.0,289.05,300.35,
733,833963fffffffff,2017-08-07 22:00:00,90.0,3.3,0.0,72.0,289.65,294.95,101120.0
734,833963fffffffff,2017-08-16 12:00:00,280.0,6.5,0.0,56.0,291.85,301.45,101890.0
735,833963fffffffff,2017-08-18 21:00:00,260.0,4.9,0.0,87.0,290.95,293.15,
736,833963fffffffff,2017-08-26 02:00:00,180.0,3.7,0.0,87.0,292.95,295.25,
737,833963fffffffff,2017-10-21 14:00:00,40.0,2.7,0.0,67.0,284.55,290.75,
738,833963fffffffff,2017-10-31 02:00:00,150.0,1.1,0.0,85.0,276.45,278.75,
739,833963fffffffff,2017-11-06 16:00:00,300.0,10.3,0.0,60.0,274.65,281.95,102130.0
740,833963fffffffff,2017-11-16 11:00:00,10.0,3.5,0.0,29.0,266.45,283.75,
741,833963fffffffff,2018-01-05 20:00:00,90.0,1.2,0.0,96.0,282.85,283.45,100530.0
742,833963fffffffff,2018-01-07 04:00:00,90.0,9.3,0.0,93.0,283.65,284.75,
743,833963fffffffff,2018-01-15 02:00:00,240.0,3.2,0.0,97.0,275.95,276.65,
744,833963fffffffff,2018-01-19 06:00:00,190.0,2.1,0.0,63.0,271.85,278.35,
745,833963fffffffff,2018-01-27 07:00:00,360.0,8.8,0.0,69.0,274.75,280.05,
746,833963fffffffff,2018-03-09 20:00:00,70.0,8.1,0.0,98.0,281.65,282.05,
747,833963fffffffff,2018-03-10 05:00:00,260.0,4.5,0.0,43.0,278.25,291.05,
748,833963fffffffff,2018-04-11 23:00:00,70.0,2.4,0.0,90.0,278.65,280.35,
749,833963fffffffff,2018-05-06 01:00:00,130.0,1.2,0.0,85.0,284.15,286.65,
750,833963fffffffff,2018-07-22 15:00:00,290.0,3.7,0.0,47.0,286.05,298.25,
751,833963fffffffff,2018-08-29 18:00:00,250.0,3.6,0.0,63.0,290.25,297.65,
752,833963fffffffff,2018-10-19 18:00:00,260.0,1.9,0.0,87.0,280.95,283.05,
753,833963fffffffff,2018-12-04 23:00:00,190.0,0.7,0.0,67.0,280.65,286.75,
754,833965fffffffff,2016-01-26 17:00:00,220.0,1.1,0.0,59.0,278.55,286.35,102840.0
755,833965fffffffff,2016-05-12 20:00:00,270.0,2.6,0.0,85.0,281.75,284.15,100530.0
756,833965fffffffff,2016-10-13 18:00:00,100.0,1.6,0.0,83.0,282.65,285.45,
757,833965fffffffff,2016-10-15 02:00:00,0.0,0.0,0.0,99.0,282.25,282.35,
758,833965fffffffff,2016-12-15 12:00:00,140.0,1.0,0.0,89.0,278.85,280.55,
759,833965fffffffff,2017-02-02 14:00:00,120.0,3.5,0.0,70.0,279.85,285.15,
760,833965fffffffff,2017-02-08 19:00:00,340.0,3.6,0.0,90.0,274.75,276.25,
761,833965fffffffff,2017-02-11 11:00:00,160.0,7.0,0.0,66.0,277.45,283.55,101600.0
762,833965fffffffff,2017-10-24 02:00:00,,,0.0,,,281.75,
763,833965fffffffff,2017-10-30 21:00:00,20.0,1.2,0.0,83.0,272.65,275.25,102550.0
764,833965fffffffff,2018-08-11 13:00:00,300.0,2.5,0.0,28.0,277.85,297.55,102130.0
765,833965fffffffff,2018-10-27 06:00:00,310.0,3.3,0.0,97.0,280.85,281.25,
766,833965fffffffff,2018-10-31 17:00:00,130.0,10.3,0.0,81.0,280.25,283.35,
767,833968fffffffff,2016-02-15 15:00:00,,,0.0,,,287.95,
768,833968fffffffff,2016-03-05 05:00:00,270.0,3.2,0.2,90.0,279.15,280.65,99760.0
769,833968fffffffff,2016-05-08 17:00:00,120.0,7.5,0.0,68.0,282.25,288.15,
770,833968fffffffff,2016-05-30 14:00:00,290.0,7.9,0.0,54.0,282.65,292.15,101240.0
771,833968fffffffff,2016-06-02 06:00:00,270.0,2.1,0.0,78.0,286.15,290.05,
772,833968fffffffff,2016-06-10 10:00:00,,,0.0,,,298.15,
773,833968fffffffff,2016-06-15 10:00:00,80.0,1.6,0.0,66.0,285.55,292.05,
774,833968fffffffff,2016-07-13 08:00:00,300.0,8.6,0.0,40.0,282.15,296.55,101300.0
775,833968fffffffff,2016-07-25 08:00:00,340.0,4.4,,,,,
776,833968fffffffff,2016-08-17 10:00:00,290.0,2.3,0.0,60.0,290.55,298.85,
777,833968fffffffff,2016-08-23 06:00:00,50.0,1.1,,,,,
778,833968fffffffff,2016-09-02 11:00:00,280.0,3.3,0.0,26.0,283.35,305.25,
779,833968fffffffff,2016-10-04 13:00:00,230.0,3.3,0.0,31.0,279.85,298.15,
780,833968fffffffff,2016-11-22 11:00:00,80.0,8.3,0.0,96.0,287.65,288.25,101340.0
781,833968fffffffff,2016-12-09 21:00:00,,,0.0,,,276.25,
782,833968fffffffff,2017-01-17 10:00:00,,,0.0,,,272.95,
783,833968fffffffff,2017-02-21 17:00:00,250.0,2.4,0.0,60.0,280.35,288.05,
784,833968fffffffff,2017-03-22 18:00:00,150.0,2.8,0.0,85.0,281.15,283.55,101220.0
785,833968fffffffff,2017-04-26 07:00:00,290.0,5.0,,,,,
786,833968fffffffff,2017-06-28 02:00:00,310.0,4.6,,,,,
787,833968fffffffff,2017-07-11 09:00:00,260.0,2.8,0.0,51.0,289.75,300.75,
788,833968fffffffff,2017-07-12 10:00:00,280.0,3.4,0.0,33.0,283.95,301.75,
789,833968fffffffff,2017-07-23 23:00:00,340.0,5.3,0.0,58.0,286.75,295.45,101240.0
790,833968fffffffff,2017-07-24 18:00:00,310.0,10.8,0.0,35.0,284.25,301.15,
791,833968fffffffff,2017-09-17 01:00:00,,,0.0,,,285.45,
792,833968fffffffff,2017-09-24 16:00:00,280.0,4.5,0.0,59.0,286.95,295.35,
793,833968fffffffff,2017-11-23 06:00:00,30.0,2.7,0.0,87.0,281.05,283.15,101950.0
794,833968fffffffff,2018-01-06 22:00:00,90.0,6.1,0.0,68.0,279.55,285.25,
795,833968fffffffff,2018-01-08 22:00:00,50.0,3.8,,,,,
796,833968fffffffff,2018-02-15 16:00:00,,,0.0,,,284.45,
797,833968fffffffff,2018-02-19 20:00:00,340.0,0.9,0.0,91.0,274.65,275.95,
798,833968fffffffff,2018-02-23 12:00:00,240.0,1.9,,,,,
799,833968fffffffff,2018-04-21 14:00:00,,,0.0,,,299.55,
800,833968fffffffff,2018-05-03 13:00:00,280.0,6.1,,,,,
801,833968fffffffff,2018-08-01 12:00:00,,,0.0,,,309.15,
802,833968fffffffff,2018-08-05 04:00:00,340.0,3.6,0.0,56.0,288.45,297.85,
803,833968fffffffff,2018-08-18 19:00:00,40.0,2.2,,,,,
804,833968fffffffff,2018-08-25 14:00:00,310.0,12.2,,,,,
805,833968fffffffff,2018-10-15 18:00:00,,,0.4,,,290.45,
806,833968fffffffff,2018-11-14 20:00:00,50.0,4.5,0.0,95.0,287.45,288.25,102480.0
807,833968fffffffff,2018-11-21 22:00:00,0.0,0.0,0.0,100.0,281.55,281.55,
808,833968fffffffff,2018-12-17 00:00:00,280.0,7.8,0.0,93.0,279.95,281.05,101660.0
809,833969fffffffff,2016-01-18 13:00:00,30.0,5.5,0.0,49.0,269.55,279.45,101570.0
810,833969fffffffff,2016-02-02 14:00:00,,,0.0,,,282.45,
811,833969fffffffff,2016-02-07 12:00:00,260.0,6.3,0.0,99.0,284.05,284.25,
812,833969fffffffff,2016-02-12 21:00:00,290.0,6.6,0.0,82.0,279.15,282.05,
813,833969fffffffff,2016-03-05 07:00:00,230.0,2.3,0.2,97.0,283.45,283.95,
814,833969fffffffff,2016-03-12 23:00:00,360.0,2.6,0.0,77.0,273.85,277.55,
815,833969fffffffff,2016-03-13 15:00:00,,,0.0,,,288.45,
816,833969fffffffff,2016-03-22 07:00:00,350.0,1.0,0.0,93.0,278.05,279.05,
817,833969fffffffff,2016-03-25 17:00:00,,,0.0,,,,
818,833969fffffffff,2016-04-07 03:00:00,270.0,4.6,0.0,78.0,280.95,284.65,
819,833969fffffffff,2016-04-09 04:00:00,,,0.0,,,280.95,
820,833969fffffffff,2016-04-27 05:00:00,320.0,6.6,0.0,38.0,268.25,281.75,
821,833969fffffffff,2016-06-21 22:00:00,,,0.0,,,289.05,
822,833969fffffffff,2016-06-27 03:00:00,320.0,3.5,0.0,64.0,279.35,286.05,
823,833969fffffffff,2016-08-07 17:00:00,,,0.0,,,302.95,
824,833969fffffffff,2016-09-18 01:00:00,255.0,2.4,0.0,70.0,280.3,285.65,
825,833969fffffffff,2016-09-22 05:00:00,20.0,2.0,0.0,78.0,281.05,284.75,
826,833969fffffffff,2016-11-17 19:00:00,,,0.0,,,283.35,
827,833969fffffffff,2016-11-19 10:00:00,310.0,10.2,0.0,57.0,273.35,281.35,
828,833969fffffffff,2016-12-25 14:00:00,320.0,1.1,0.0,72.0,279.75,284.65,
829,833969fffffffff,2017-01-06 16:00:00,260.0,1.9,0.0,62.0,271.15,277.85,
830,833969fffffffff,2017-01-27 14:00:00,,,0.0,,,284.25,
831,833969fffffffff,2017-01-29 04:00:00,360.0,2.1,0.0,88.0,273.15,274.95,
832,833969fffffffff,2017-02-09 06:00:00,340.0,2.4,0.0,57.0,274.05,282.15,
833,833969fffffffff,2017-02-10 05:00:00,,,0.0,,,,
834,833969fffffffff,2017-02-11 07:00:00,80.0,3.0,0.0,87.0,276.25,278.25,
835,833969fffffffff,2017-02-16 20:00:00,,,0.0,,,282.45,
836,833969fffffffff,2017-02-19 02:00:00,340.0,2.0,0.0,88.0,275.25,277.05,
837,833969fffffffff,2017-04-12 12:00:00,210.0,2.2,0.0,39.0,281.95,296.75,
838,833969fffffffff,2017-07-07 08:00:00,,,0.0,,,302.75,
839,833969fffffffff,2017-07-19 02:00:00,340.0,0.5,0.0,66.0,283.55,289.95,101780.0
840,833969fffffffff,2017-10-14 00:00:00,250.0,1.7,0.0,94.0,289.75,290.75,
841,833969fffffffff,2017-10-14 20:00:00,,,0.0,,,288.35,
842,833969fffffffff,2017-10-21 06:00:00,290.0,5.6,,,,,
843,833969fffffffff,2017-11-06 01:00:00,350.0,6.6,0.0,78.0,279.45,283.15,
844,833969fffffffff,2017-12-15 06:00:00,260.0,8.4,0.0,66.0,277.45,283.55,
845,833969fffffffff,2017-12-27 04:00:00,,,0.4,,,280.45,
846,833969fffffffff,2017-12-27 06:00:00,,,0.2,,,280.65,
847,833969fffffffff,2018-02-02 05:00:00,0.0,0.0,0.0,50.0,266.95,276.35,
848,833969fffffffff,2018-03-04 10:00:00,160.0,3.4,0.0,61.0,270.35,277.25,
849,833969fffffffff,2018-06-02 13:00:00,,,0.0,,,298.05,
850,833969fffffffff,2018-06-11 02:00:00,360.0,1.5,0.0,95.0,288.25,289.05,
851,833969fffffffff,2018-06-16 03:00:00,40.0,2.5,,,,,
852,833969fffffffff,2018-07-08 18:00:00,200.0,1.3,0.0,69.0,287.25,293.15,
853,833969fffffffff,2018-08-02 08:00:00,,,0.0,,,305.85,
854,833969fffffffff,2018-08-06 19:00:00,,,0.0,,,295.15,
855,833969fffffffff,2018-09-21 15:00:00,110.0,2.7,0.0,77.0,288.15,292.25,
856,833969fffffffff,2018-10-09 03:00:00,10.0,4.0,0.0,46.0,281.05,293.05,
857,833969fffffffff,2018-10-17 00:00:00,340.0,2.7,,,,,
858,833969fffffffff,2018-10-21 00:00:00,310.0,2.5,0.0,85.0,286.85,289.35,102140.0
859,833969fffffffff,2018-10-30 00:00:00,,,0.0,,,,
860,833969fffffffff,2018-11-03 15:00:00,80.0,6.5,0.0,67.0,279.15,285.05,
861,833969fffffffff,2018-11-12 23:00:00,150.0,1.7,0.0,90.0,285.95,287.55,
862,833969fffffffff,2018-11-28 08:00:00,,,0.0,,,277.55,
863,833969fffffffff,2018-12-15 14:00:00,180.0,3.2,0.0,65.0,277.45,283.75,101860.0
864,83396cfffffffff,2016-01-04 02:00:00,,,0.0,,,,
865,83396cfffffffff,2016-01-09 05:00:00,0.0,0.0,0.0,100.0,280.05,280.05,
866,83396cfffffffff,2016-03-31 13:00:00,160.0,2.3,0.0,49.0,282.55,293.65,
867,83396cfffffffff,2016-04-04 13:00:00,,,0.0,,,286.95,
868,83396cfffffffff,2016-05-13 01:00:00,,,0.0,,,,
869,83396cfffffffff,2016-05-14 14:00:00,350.0,9.7,0.0,48.0,285.05,296.75,
870,83396cfffffffff,2016-06-01 01:00:00,,,0.0,,,,
871,83396cfffffffff,2016-06-14 13:00:00,,,0.0,,,,
872,83396cfffffffff,2016-06-16 00:00:00,290.0,1.1,1.2,99.0,290.45,290.65,
873,83396cfffffffff,2016-06-20 09:00:00,350.0,10.5,0.0,48.0,283.65,295.15,101960.0
874,83396cfffffffff,2016-06-28 15:00:00,290.0,2.4,0.0,31.0,283.75,302.65,
875,83396cfffffffff,2016-07-08 12:00:00,,,0.0,,,,
876,83396cfffffffff,2016-07-22 17:00:00,,,0.0,,,300.45,
877,83396cfffffffff,2016-07-27 11:00:00,350.0,5.3,0.0,38.0,286.75,302.55,
878,83396cfffffffff,2016-08-14 20:00:00,,,0.0,,,296.25,
879,83396cfffffffff,2016-08-21 22:00:00,,,0.0,,,291.75,
880,83396cfffffffff,2016-10-11 08:00:00,,,0.0,,,,
881,83396cfffffffff,2016-10-15 06:00:00,,,0.0,,,282.05,
882,83396cfffffffff,2016-10-22 04:00:00,,,0.0,,,,
883,83396cfffffffff,2016-10-26 23:00:00,,,0.0,,,283.55,
884,83396cfffffffff,2016-10-30 13:00:00,,,0.0,,,,
885,83396cfffffffff,2016-11-06 09:00:00,310.0,2.4,0.0,64.0,278.05,284.65,
886,83396cfffffffff,2016-12-10 00:00:00,,,0.0,,,281.85,
887,83396cfffffffff,2016-12-10 10:00:00,,,0.0,,,,
888,83396cfffffffff,2016-12-15 20:00:00,0.0,0.0,0.0,94.0,278.65,279.55,
889,83396cfffffffff,2016-12-24 11:00:00,,,0.0,,,281.25,
890,83396cfffffffff,2017-01-09 06:00:00,330.0,6.0,0.0,69.0,270.55,275.65,
891,83396cfffffffff,2017-01-16 02:00:00,340.0,6.8,0.0,71.0,270.05,274.75,
892,83396cfffffffff,2017-02-08 04:00:00,310.0,5.9,0.0,70.0,275.85,280.95,
893,83396cfffffffff,2017-02-11 05:00:00,100.0,3.6,0.0,76.0,276.85,280.85,
894,83396cfffffffff,2017-03-05 19:00:00,,,0.0,94.0,277.65,278.55,
895,83396cfffffffff,2017-03-25 13:00:00,110.0,2.8,0.0,75.0,281.15,285.45,
896,83396cfffffffff,2017-04-27 00:00:00,360.0,3.0,0.0,89.0,276.45,278.15,
897,83396cfffffffff,2017-06-05 23:00:00,320.0,1.9,0.0,57.0,282.75,291.45,
898,83396cfffffffff,2017-07-19 16:00:00,,,0.0,,,,
899,83396cfffffffff,2017-07-27 05:00:00,20.0,1.8,0.0,70.0,286.65,292.25,101460.0
900,83396cfffffffff,2017-08-21 05:00:00,10.0,1.7,0.0,45.0,278.65,290.85,
901,83396cfffffffff,2017-09-09 04:00:00,160.0,4.9,0.0,99.0,286.25,286.45,
902,83396cfffffffff,2017-09-13 16:00:00,200.0,5.7,0.0,53.0,287.95,298.15,
903,83396cfffffffff,2017-09-18 08:00:00,,,0.0,,,285.45,
904,83396cfffffffff,2017-09-20 09:00:00,,,0.0,,,289.45,
905,83396cfffffffff,2017-09-21 01:00:00,,,0.0,,,,
906,83396cfffffffff,2017-09-29 21:00:00,,,0.0,,,,
907,83396cfffffffff,2017-10-08 03:00:00,340.0,3.0,0.0,57.0,275.65,283.85,101950.0
908,83396cfffffffff,2017-11-07 22:00:00,150.0,1.0,0.0,66.0,273.65,279.55,
909,83396cfffffffff,2017-11-11 21:00:00,300.0,0.8,0.0,91.0,277.65,279.25,
910,83396cfffffffff,2017-11-19 01:00:00,,,0.0,,,277.15,
911,83396cfffffffff,2017-11-20 12:00:00,,,0.0,,,287.75,
912,83396cfffffffff,2017-11-22 22:00:00,140.0,2.3,0.0,87.0,283.65,285.75,
913,83396cfffffffff,2017-12-23 03:00:00,,,0.0,,,,
914,83396cfffffffff,2017-12-24 10:00:00,150.0,1.0,0.0,65.0,275.95,282.15,
915,83396cfffffffff,2018-01-05 19:00:00,,,0.0,,,,
916,83396cfffffffff,2018-01-14 18:00:00,10.0,0.9,0.0,96.0,280.05,280.65,
917,83396cfffffffff,2018-01-19 02:00:00,260.0,5.0,0.0,76.0,279.45,283.45,
918,83396cfffffffff,2018-01-31 21:00:00,210.0,2.0,0.0,99.0,276.95,277.15,
919,83396cfffffffff,2018-02-13 00:00:00,350.0,5.2,0.0,50.0,267.15,276.65,
920,83396cfffffffff,2018-02-26 14:00:00,,,0.0,,,273.35,
921,83396cfffffffff,2018-04-06 12:00:00,160.0,5.7,0.0,73.0,285.05,289.95,
922,83396cfffffffff,2018-04-13 18:00:00,140.0,4.9,0.2,89.0,283.55,285.35,101450.0
923,83396cfffffffff,2018-05-03 04:00:00,,,0.0,,,,
924,83396cfffffffff,2018-05-13 20:00:00,,,0.0,,,282.25,
925,83396cfffffffff,2018-06-25 23:00:00,350.0,3.3,0.0,49.0,284.05,295.25,101760.0
926,83396cfffffffff,2018-06-29 23:00:00,60.0,0.9,0.0,96.0,291.05,291.75,
927,83396cfffffffff,2018-07-07 00:00:00,,,0.0,,,294.65,
928,83396cfffffffff,2018-07-09 17:00:00,,,0.0,,,301.65,
929,83396cfffffffff,2018-07-18 22:00:00,,,0.0,,,299.55,
930,83396cfffffffff,2018-08-21 22:00:00,,,0.0,,,,
931,83396cfffffffff,2018-09-10 01:00:00,,,0.0,,,287.55,
932,83396cfffffffff,2018-09-13 10:00:00,,,0.0,,,,
933,83396cfffffffff,2018-09-14 01:00:00,,,0.0,,,294.75,
934,83396cfffffffff,2018-10-02 09:00:00,,,0.0,,,,
935,83396cfffffffff,2018-10-20 00:00:00,0.0,0.0,0.0,95.0,285.25,286.05,
936,83396cfffffffff,2018-10-23 05:00:00,,,0.0,,,280.55,
937,83396cfffffffff,2018-11-06 16:00:00,,,0.0,,,285.15,
938,83396cfffffffff,2018-11-11 03:00:00,80.0,3.3,0.0,69.0,282.25,287.85,
939,83396cfffffffff,2018-11-18 12:00:00,,,0.0,50.0,275.65,285.75,
940,83396cfffffffff,2018-12-09 10:00:00,300.0,1.4,0.0,82.0,279.95,282.85,102020.0
941,83396cfffffffff,2018-12-30 20:00:00,,,0.0,,,281.25,
942,83396dfffffffff,2016-01-11 11:00:00,280.0,4.7,0.0,81.0,278.45,281.55,
943,83396dfffffffff,2016-01-22 07:00:00,60.0,3.3,0.0,80.0,271.75,274.85,
944,83396dfffffffff,2016-04-15 22:00:00,,,0.0,,,285.25,
945,83396dfffffffff,2016-04-18 06:00:00,320.0,0.6,0.0,97.0,275.75,276.15,
946,83396dfffffffff,2016-05-23 01:00:00,,,0.0,,,279.55,
947,83396dfffffffff,2016-05-29 05:00:00,50.0,1.8,0.4,93.0,283.35,284.45,
948,83396dfffffffff,2016-06-13 12:00:00,,,0.0,,,293.05,
949,83396dfffffffff,2016-08-15 00:00:00,0.0,0.0,0.0,65.0,280.95,287.45,
950,83396dfffffffff,2016-10-10 19:00:00,340.0,2.5,0.0,79.0,273.45,276.75,
951,83396dfffffffff,2016-10-19 02:00:00,330.0,1.5,0.0,96.0,276.65,277.25,
952,83396dfffffffff,2016-10-22 20:00:00,,,0.0,,,,
953,83396dfffffffff,2016-10-24 11:00:00,140.0,8.0,0.0,56.0,282.45,291.35,
954,83396dfffffffff,2016-10-31 07:00:00,90.0,4.1,0.0,77.0,277.45,281.25,
955,83396dfffffffff,2016-11-04 23:00:00,80.0,2.6,0.2,95.0,283.55,284.35,101450.0
956,83396dfffffffff,2016-11-28 00:00:00,50.0,1.4,0.0,78.0,271.75,275.15,
957,83396dfffffffff,2016-12-10 01:00:00,0.0,0.0,0.0,91.0,266.65,267.85,
958,83396dfffffffff,2016-12-11 04:00:00,360.0,0.8,0.0,61.0,264.45,270.95,
959,83396dfffffffff,2016-12-13 04:00:00,0.0,0.0,0.0,91.0,265.35,266.55,
960,83396dfffffffff,2016-12-22 12:00:00,,,0.0,,,281.45,
961,83396dfffffffff,2016-12-23 22:00:00,,,0.0,,,,
962,83396dfffffffff,2017-01-02 18:00:00,40.0,1.7,0.0,77.0,272.65,276.25,102030.0
963,83396dfffffffff,2017-01-16 10:00:00,,,0.0,,,270.65,
964,83396dfffffffff,2017-02-03 17:00:00,130.0,1.5,0.0,90.0,277.65,279.15,
965,83396dfffffffff,2017-03-14 20:00:00,320.0,3.3,0.0,62.0,275.55,282.45,
966,83396dfffffffff,2017-04-21 01:00:00,,,0.0,,,,
967,83396dfffffffff,2017-04-24 07:00:00,0.0,0.0,0.0,80.0,279.55,282.85,101970.0
968,83396dfffffffff,2017-04-28 01:00:00,320.0,11.5,0.0,75.0,270.65,274.65,
969,83396dfffffffff,2017-05-15 01:00:00,30.0,1.1,0.0,81.0,280.15,283.25,
970,83396dfffffffff,2017-05-25 12:00:00,230.0,3.9,0.0,48.0,283.95,295.45,
971,83396dfffffffff,2017-06-21 15:00:00,200.0,3.0,0.0,46.0,288.55,301.25,
972,83396dfffffffff,2017-07-04 00:00:00,,,0.0,,,,
973,83396dfffffffff,2017-08-14 16:00:00,140.0,5.1,0.0,22.0,279.95,304.15,
974,83396dfffffffff,2017-11-01 05:00:00,310.0,1.1,0.0,94.0,272.05,272.85,
975,83396dfffffffff,2017-12-02 06:00:00,,,0.0,,,,
976,83396dfffffffff,2017-12-05 04:00:00,0.0,0.0,0.0,94.0,264.65,265.45,
977,83396dfffffffff,2018-02-08 19:00:00,70.0,0.6,0.0,82.0,269.25,271.95,
978,83396dfffffffff,2018-03-25 00:00:00,,,0.0,,,275.85,
979,83396dfffffffff,2018-03-25 08:00:00,,,0.0,,,275.35,
980,83396dfffffffff,2018-03-28 03:00:00,250.0,1.6,0.0,77.0,278.05,281.85,
981,83396dfffffffff,2018-04-10 12:00:00,,,0.0,,,,
982,83396dfffffffff,2018-05-14 06:00:00,,,0.0,,,,
983,83396dfffffffff,2018-05-23 03:00:00,240.0,0.6,0.0,97.0,280.15,280.55,
984,83396dfffffffff,2018-05-28 00:00:00,300.0,2.0,0.0,91.0,286.05,287.55,
985,83396dfffffffff,2018-06-12 04:00:00,,,0.0,,,281.65,
986,83396dfffffffff,2018-07-06 10:00:00,,,0.0,,,295.85,
987,83396dfffffffff,2018-07-08 04:00:00,10.0,0.9,0.0,86.0,286.95,289.25,
988,83396dfffffffff,2018-07-11 00:00:00,,,0.0,,,,
989,83396dfffffffff,2018-07-21 18:00:00,200.0,1.4,0.0,69.0,285.05,290.85,
990,83396dfffffffff,2018-09-02 00:00:00,,,0.0,,,282.55,
991,83396dfffffffff,2018-09-04 16:00:00,,,0.0,,,291.55,
992,83396dfffffffff,2018-09-10 10:00:00,190.0,1.4,0.0,43.0,286.35,299.95,
993,83396dfffffffff,2018-09-29 15:00:00,190.0,6.3,0.0,29.0,280.15,299.65,
994,83396dfffffffff,2018-10-23 17:00:00,240.0,3.0,0.0,53.0,276.65,286.05,
995,83396dfffffffff,2018-11-18 02:00:00,300.0,1.9,0.0,94.0,272.05,272.85,
996,83396dfffffffff,2018-12-05 14:00:00,,,0.0,,,282.85,
997,83396dfffffffff,2018-12-28 22:00:00,,,0.0,,,272.45,
998,83396efffffffff,2018-09-19 22:00:00,330.0,0.7,0.0,80.0,288.35,291.85,101990.0
