,number_sta,lat,lon,height_sta,date,dd,ff,precip,hu,td,t,psl
26050246,12254001,44.41,2.482,579.0,20180811 12:42,300.0,2.5,0.0,28.0,277.85,297.55,102130.0
18964900,12077002,43.92,3.19,718.0,20170615 01:36,290.0,0.9,0.0,93.0,286.45,287.55,
4108476,53083001,48.32,-0.22,172.0,20170310 04:48,,,0.0,,,283.25,
37335554,30101001,44.07,4.14,185.0,20171122 21:42,140.0,2.3,0.0,87.0,283.65,285.75,
28800570,84086001,43.81,5.15,672.0,20170909 03:30,160.0,4.9,0.0,99.0,286.25,286.45,
34246405,66082004,42.616,2.111,1495.0,20181019 18:30,260.0,1.9,0.0,87.0,280.95,283.05,
27225969,15187006,45.02,3.07,909.0,20170826 10:24,,,0.0,,,,
21308168,26198001,44.58,4.73,74.0,20160702 20:30,360.0,5.2,0.0,60.0,285.85,293.85,102040.0
42919089,5158001,44.476,5.816,801.0,20181228 21:42,,,0.0,,,272.45,
16514810,53116003,48.406,-0.441,268.0,20181003 17:54,340.0,2.0,0.0,71.0,283.95,289.25,
7383820,42039002,45.71,3.85,855.0,20160304 19:06,,,0.0,,,,
199144,22168001,48.83,-3.47,58.0,20160104 09:42,250.0,9.6,0.2,81.0,278.85,281.95,98790.0
12488703,73257003,45.297,6.51,2800.0,20160417 15:42,220.0,8.1,,,,,
3618734,60322001,49.31,1.88,113.0,20160301 23:18,250.0,7.0,0.0,87.0,280.15,282.25,
926291,20092001,41.72,9.35,253.0,20170108 23:00,40.0,3.0,0.0,93.0,278.55,279.55,
40334276,73085003,45.84,5.84,281.0,20161214 12:12,,,0.0,,,,
18227929,29249002,48.133,-3.717,260.0,20171101 02:18,130.0,6.2,0.0,79.0,275.75,279.15,
33201727,34269001,43.39,2.86,258.0,20161013 14:48,130.0,5.8,0.0,98.0,287.65,287.95,
40490103,30209002,43.998,4.76,44.0,20161215 20:30,0.0,0.0,0.0,94.0,278.65,279.55,
17261103,53083001,48.32,-0.22,172.0,20161016 08:30,,,0.2,,,285.45,
17015834,28206001,48.707,1.173,171.0,20161012 07:12,20.0,1.5,0.0,99.0,273.55,273.65,
13930882,15187006,45.024,3.067,909.0,20180430 17:54,,,0.0,,,,
33365958,15122002,44.73,2.17,480.0,20161015 01:30,0.0,0.0,0.0,99.0,282.25,282.35,
2017314,83049005,43.25,6.13,73.0,20160118 13:00,30.0,5.5,0.0,49.0,269.55,279.45,101570.0
11565545,56240003,47.51,-2.8,37.0,20160713 12:18,280.0,4.5,0.0,,,288.85,
39910907,6152002,43.62,7.03,238.0,20171215 05:30,260.0,8.4,0.0,66.0,277.45,283.55,
37412628,83153001,43.079,5.941,134.0,20181114 19:48,50.0,4.5,0.0,95.0,287.45,288.25,102480.0
12922705,15101004,45.08,2.75,1238.0,20170423 03:42,,,0.0,,,276.45,
35094600,3248001,46.05,3.81,1022.0,20161030 05:00,90.0,3.7,0.0,70.0,275.05,280.15,
21278719,56007001,47.66,-2.97,26.0,20161221 11:24,,,0.0,,,284.55,
36062772,30334003,43.99,4.4,72.0,20171111 20:42,300.0,0.8,0.0,91.0,277.65,279.25,
41008796,7010001,45.246,4.67,336.0,20181213 14:06,,,0.0,,,275.55,
196074,56165003,47.95,-2.4,65.0,20160104 08:24,180.0,3.3,0.0,88.0,277.85,279.65,
13941080,43137003,45.314,4.231,777.0,20160430 02:00,190.0,3.8,0.0,68.0,272.95,278.35,
9223374,26056001,44.58,5.14,416.0,20160320 14:24,,,0.0,,,,
15457789,26220010,44.36,5.12,316.0,20160513 00:54,,,0.0,,,,
17596550,26116002,44.42,4.72,68.0,20160601 01:18,,,0.0,,,,
30157927,26377003,44.34,5.06,247.0,20170921 00:42,,,0.0,,,,
8138623,49188001,47.56,-0.32,53.0,20170516 12:06,120.0,1.4,0.0,39.0,285.05,300.25,102520.0
34664255,30283001,44.036,3.735,483.0,20181023 05:24,,,0.0,,,280.55,
26894718,74060001,45.782,6.152,970.0,20180818 18:06,50.0,0.5,0.0,,,293.65,
34784953,63282001,45.632,3.134,503.0,20181024 05:18,,,0.0,,,277.05,
26613172,13074003,43.657,5.607,217.0,20160817 09:36,290.0,2.3,0.0,60.0,290.55,298.85,
2781282,37179001,47.44,0.73,112.0,20160216 21:36,20.0,1.2,0.0,71.0,269.05,273.75,103160.0
17762887,29236001,47.88,-3.71,77.0,20161024 16:00,,,0.0,,,289.15,
18443538,76208001,49.51,1.72,104.0,20161104 21:12,,,0.2,,,280.05,
19050614,4126001,44.39,6.33,1197.0,20160613 12:30,,,0.0,,,293.05,
7803529,11412001,43.01,2.4,593.0,20160308 10:06,290.0,5.4,0.0,77.0,270.65,274.55,
4980882,5183001,44.88,6.64,1311.0,20180212 22:24,60.0,5.6,0.0,44.0,254.45,264.55,102050.0
32710331,69174002,45.94,4.38,831.0,20161009 07:42,340.0,4.7,0.0,100.0,277.25,277.25,
4863263,20093002,42.63,8.92,145.0,20180211 22:12,230.0,13.2,0.0,64.0,277.55,284.15,100840.0
11191994,74056005,46.004,6.949,1500.0,20160406 13:18,0.0,0.0,0.0,87.0,277.35,279.35,
21014098,13108004,43.83,4.64,15.0,20180629 23:18,60.0,0.9,0.0,96.0,291.05,291.75,
3785247,15122002,44.73,2.17,480.0,20170202 14:30,120.0,3.5,0.0,70.0,279.85,285.15,
11295339,44051002,47.69,-1.69,43.0,20160709 00:12,,,0.0,,,,
21849226,30349001,43.871,4.072,45.0,20180707 00:18,,,0.0,,,294.65,
19338735,34217001,43.72,3.86,85.0,20160615 23:36,290.0,1.1,1.2,99.0,290.45,290.65,
10472084,44110002,47.425,-1.514,13.0,20180625 09:24,60.0,5.9,0.0,58.0,286.25,294.85,
36708562,19136002,45.534,2.154,670.0,20181109 01:12,,,0.0,,,,
28439512,20148001,42.54,9.49,12.0,20160902 03:36,240.0,3.4,0.0,67.0,288.15,294.55,101910.0
28182730,73329001,45.64,5.88,235.0,20160830 22:12,200.0,1.4,0.0,82.0,288.95,292.05,101930.0
10214005,20092001,41.717,9.348,253.0,20160329 02:54,,,0.0,,,,
3706686,72086001,48.32,0.35,105.0,20160303 10:36,,,0.0,,,280.65,
1691241,37067003,47.26,0.4,60.0,20160129 13:18,,,0.0,,,,
11566495,73329001,45.64,5.88,235.0,20170411 07:24,10.0,4.8,0.0,76.0,281.35,285.45,102230.0
9714063,11202001,42.92,3.06,40.0,20170326 04:24,320.0,4.7,0.0,87.0,278.65,280.65,101650.0
1191766,34205001,43.79,3.25,844.0,20160111 09:06,290.0,12.7,0.0,97.0,277.85,278.25,
4943998,6079002,43.52,6.9,104.0,20160212 20:48,290.0,6.6,0.0,82.0,279.15,282.05,
14520804,29190001,48.33,-4.77,22.0,20170831 08:24,250.0,8.7,,,,,
30626629,7069001,45.06,4.7,405.0,20170925 05:06,,,0.0,,,,
37889851,23008004,45.958,2.188,486.0,20161123 09:00,,,0.0,,,284.75,
23492546,83137001,43.104,5.931,23.0,20170724 17:42,310.0,10.8,0.0,35.0,284.25,301.15,
10304239,85060002,46.48,-1.73,27.0,20160622 11:12,90.0,4.4,0.0,81.0,295.25,298.75,
8495724,29058003,47.85,-3.98,8.0,20170522 10:42,200.0,2.7,,,,,
36589938,66082004,42.616,2.111,1495.0,20171116 10:36,10.0,3.5,0.0,29.0,266.45,283.75,
186749,22168001,48.83,-3.47,58.0,20170104 01:54,230.0,5.0,0.0,78.0,273.05,276.55,102950.0
18669925,56017003,47.88,-2.73,112.0,20161108 15:18,230.0,1.9,0.0,73.0,277.95,282.55,
18084471,23089001,46.35,1.99,306.0,20161029 23:00,90.0,3.3,0.0,96.0,280.95,281.55,
32673407,15114002,45.303,2.833,1075.0,20171013 09:00,150.0,1.7,0.0,42.0,277.65,290.75,
30695517,34209002,43.322,3.353,16.0,20180919 21:48,330.0,0.7,0.0,80.0,288.35,291.85,101990.0
37404271,42039003,45.699,3.844,990.0,20181114 18:12,260.0,0.8,0.0,98.0,277.65,277.95,
8188096,20050001,42.53,8.79,58.0,20160311 17:18,30.0,4.7,0.0,62.0,278.35,285.45,101310.0
11558057,26340001,44.198,5.536,824.0,20180410 11:48,,,0.0,,,,
22054820,6037002,43.752,6.923,1268.0,20180708 18:00,200.0,1.3,0.0,69.0,287.25,293.15,
39948630,26168001,44.67,5.71,1059.0,20161211 04:18,360.0,0.8,0.0,61.0,264.45,270.95,
30276705,83124002,43.58,6.622,278.0,20160918 01:24,260.0,1.8,0.0,71.0,279.85,284.95,
1602895,63113001,45.79,3.15,326.0,20160114 22:42,290.0,4.7,0.0,69.0,272.35,277.55,101860.0
39811156,30123001,43.71,4.17,17.0,20161209 23:48,,,0.0,,,281.85,
27417586,20004003,41.91,8.62,124.0,20170828 02:30,10.0,4.5,,,,,
5998359,13110003,43.45,5.7,264.0,20170221 17:18,250.0,2.4,0.0,60.0,280.35,288.05,
24205998,7032002,44.628,4.566,650.0,20170730 23:24,240.0,0.9,0.0,65.0,285.05,291.75,
2085494,13004003,43.51,4.694,1.0,20180119 01:36,260.0,5.0,0.0,76.0,279.45,283.45,
6513757,14366002,49.17,0.23,62.0,20160419 07:54,,,0.0,,,280.25,
19031048,50111001,49.036,-1.298,134.0,20181114 07:00,160.0,2.8,0.0,94.0,279.95,280.85,
15571643,6120004,44.258,6.921,1150.0,20180514 16:24,,,0.0,,,284.05,
16565374,84107002,44.041,5.493,836.0,20180523 02:54,240.0,0.6,0.0,97.0,280.15,280.55,
29930647,7101002,44.411,4.296,107.0,20180913 10:18,,,0.0,,,,
13721551,76552001,49.509,0.071,104.0,20180818 09:30,240.0,3.7,0.0,76.0,286.35,290.65,102440.0
36417425,30283001,44.036,3.735,483.0,20181106 15:36,,,0.0,,,285.15,
34250218,26050001,44.32,5.32,556.0,20161022 19:48,,,0.0,,,,
36887330,30068001,44.02,4.08,109.0,20171119 00:42,,,0.0,,,277.15,
8713240,7230002,44.72,4.49,737.0,20160316 05:18,,,0.0,,,,
19850066,84007005,43.91,4.9,48.0,20160620 08:36,350.0,10.5,0.0,48.0,283.65,295.15,101960.0
38564687,63178001,45.535,3.262,372.0,20181124 03:18,170.0,3.0,0.0,93.0,276.55,277.55,
2004704,38412002,45.39,5.72,380.0,20160118 10:24,260.0,0.7,0.0,,,270.45,
2108484,66194002,42.4,2.559,700.0,20180119 06:18,190.0,2.1,0.0,63.0,271.85,278.35,
18290166,20247001,41.59,9.36,57.0,20160607 00:18,300.0,1.4,,,,,
22983044,6163007,44.04,7.59,636.0,20160717 04:48,,,0.0,,,283.75,
35506610,74060001,45.782,6.152,970.0,20181030 03:30,,,0.0,,,272.25,
16586323,4126001,44.39,6.33,1197.0,20160523 01:00,,,0.0,,,279.55,
10518047,36093002,46.94,1.66,170.0,20160626 01:00,,,0.0,87.0,281.25,283.35,
6355849,28198001,48.06,1.38,127.0,20170416 17:06,320.0,3.9,0.0,49.0,276.05,286.55,102370.0
11043349,66029003,42.59,2.68,347.0,20170406 17:48,320.0,8.5,0.0,43.0,275.55,288.05,
7891760,28078001,48.11,0.91,197.0,20160512 09:42,,,0.0,,,287.05,
10496782,30164001,44.222,4.345,318.0,20160331 13:12,160.0,2.3,0.0,49.0,282.55,293.65,
13592609,48186001,44.316,3.651,903.0,20180427 20:30,310.0,2.1,0.0,66.0,279.15,285.35,
43162778,7159001,44.581,4.497,275.0,20181230 20:12,,,0.0,,,281.25,
1740498,20342001,41.92,9.4,17.0,20160116 03:18,290.0,2.2,0.0,57.0,270.75,278.55,100840.0
17736762,13055029,43.31,5.48,192.0,20160602 06:12,270.0,2.1,0.0,78.0,286.15,290.05,
14092915,73150004,45.5,6.675,2120.0,20180502 03:06,,,0.0,,,271.15,
11783932,42052002,46.16,4.17,279.0,20160411 15:24,,,0.0,,,,
33899380,12189001,44.24,2.26,564.0,20171024 02:30,,,0.0,,,281.75,
15428371,83150002,43.73,5.78,271.0,20170515 00:42,30.0,1.1,0.0,81.0,280.15,283.25,
38287189,13062002,43.419,5.5,416.0,20181121 22:06,0.0,0.0,0.0,100.0,281.55,281.55,
14678168,11333001,43.0,2.05,601.0,20160506 08:54,80.0,7.6,0.0,56.0,278.15,286.85,
2344559,38053003,45.608,5.309,358.0,20180121 07:00,230.0,2.3,0.0,78.0,276.55,280.15,
27777329,69028001,45.71,4.69,317.0,20160827 10:12,200.0,2.8,0.4,41.0,288.95,303.75,
12282864,26361001,44.51,5.58,790.0,20160415 21:30,,,0.0,,,285.25,
13435002,42253002,46.05,4.01,338.0,20160425 18:18,80.0,0.8,,60.0,274.65,281.95,101370.0
10942412,14624001,48.99,-0.01,52.0,20170702 14:18,,,0.0,,,294.45,
20330289,29263002,48.228,-4.098,63.0,20161205 23:06,130.0,2.7,0.0,97.0,283.45,283.95,
9084545,53083001,48.32,-0.22,172.0,20160602 02:54,,,0.0,,,285.55,
7653414,76552001,49.51,0.07,104.0,20160508 09:30,130.0,5.4,0.0,44.0,280.85,293.55,100570.0
9355427,26165001,44.79,4.83,98.0,20170323 01:30,,,0.0,79.0,281.45,284.95,
18461086,20093002,42.63,8.92,145.0,20160608 11:24,280.0,4.3,0.0,73.0,290.55,295.65,101720.0
27460572,11203004,43.17,2.73,60.0,20160824 16:30,100.0,6.4,0.0,37.0,285.25,301.35,101770.0
205419,4049001,44.06,5.99,461.0,20170102 18:18,40.0,1.7,0.0,77.0,272.65,276.25,102030.0
6912111,6120004,44.26,6.92,1150.0,20170301 15:54,,,0.0,,,282.75,
6340218,61169003,48.75,-0.59,195.0,20160416 09:54,260.0,5.0,0.0,74.0,278.85,283.25,
18686426,83077001,43.26,5.96,309.0,20160610 09:36,,,0.0,,,298.15,
11796420,20004014,41.938,8.721,91.0,20160411 18:00,,,0.0,,,287.85,
40178874,4136001,43.98,6.52,920.0,20161213 04:06,0.0,0.0,0.0,91.0,265.35,266.55,
5545183,36093002,46.94,1.66,170.0,20170403 04:06,,,0.0,,,,
18411915,85169002,46.808,-1.598,51.0,20181104 03:00,140.0,2.1,0.0,,,277.25,
17016958,20107001,43.0,9.36,113.0,20170528 22:24,90.0,1.5,0.0,52.0,283.05,293.25,101950.0
26432503,20223001,42.54,9.19,510.0,20170819 11:42,330.0,3.3,0.0,41.0,287.25,301.75,
27480685,20149002,42.06,9.36,66.0,20170828 15:42,,,0.0,33.0,286.35,304.85,
27975147,23209001,46.14,2.26,440.0,20170901 23:06,,,0.0,,,283.25,
31149789,7159001,44.58,4.5,278.0,20170929 20:54,,,0.0,,,,
4458526,7068001,45.02,4.67,566.0,20180208 10:54,30.0,3.3,0.0,86.0,269.85,271.85,
545840,79049004,46.84,-0.516,191.0,20180110 05:48,200.0,1.5,0.0,99.0,279.75,279.85,
27294441,13056002,43.33,5.05,27.0,20160823 06:00,50.0,1.1,,,,,
18431840,28280003,48.314,0.839,180.0,20161104 16:36,,,,98.0,280.35,280.65,101120.0
30015242,19148001,45.38,2.28,615.0,20170919 18:12,,,0.0,,,,
13342728,50615001,49.52,-1.51,61.0,20160812 00:54,,,0.0,,,286.95,
26626715,30334003,43.99,4.4,72.0,20170821 04:36,10.0,1.7,0.0,45.0,278.65,290.85,
7153826,43095001,45.146,3.665,1102.0,20160302 19:36,,,0.0,85.0,270.55,272.75,
40002560,4126001,44.392,6.333,1197.0,20181205 14:12,,,0.0,,,282.85,
20216088,37113001,46.921,0.796,58.0,20181203 07:42,,,0.0,,,286.95,
20160529,27347001,49.03,1.22,138.0,20161203 04:42,50.0,4.4,0.0,96.0,278.05,278.65,102220.0
41072367,38229001,45.23,5.78,469.0,20171225 08:24,,,0.0,,,,
41486500,30175001,44.27,4.43,120.0,20161224 10:42,,,0.0,,,281.25,
23612099,20047006,42.331,9.021,811.0,20180721 21:36,50.0,0.6,0.0,58.0,283.25,291.65,
22119365,63353003,45.461,3.533,1070.0,20180709 07:00,20.0,3.6,0.0,58.0,282.35,290.75,
9083908,28215001,48.329,1.817,145.0,20180602 02:12,,,0.0,100.0,287.85,287.75,
23157476,23113001,45.99,2.39,610.0,20170721 19:30,,,0.0,,,289.85,
11940915,30258001,43.766,4.417,105.0,20180413 18:24,140.0,4.9,0.2,89.0,283.55,285.35,101450.0
35477027,6136005,43.863,7.434,843.0,20171106 18:24,50.0,3.5,0.0,67.0,272.65,278.25,
17137932,5070003,44.319,5.795,565.0,20180527 23:54,300.0,2.0,0.0,91.0,286.05,287.55,
25484323,83050007,43.526,6.453,173.0,20160807 16:48,,,0.0,,,302.95,
20602321,76228001,49.65,0.82,147.0,20161210 09:36,160.0,2.6,0.0,98.0,277.65,277.95,
26334188,84009002,43.79,5.62,381.0,20160815 00:06,0.0,0.0,0.0,65.0,280.95,287.45,
4782100,13108004,43.83,4.64,15.0,20170211 04:36,100.0,3.6,0.0,76.0,276.85,280.85,
17829149,14137001,49.18,-0.456,67.0,20181025 12:42,330.0,2.0,0.0,74.0,282.75,287.35,102280.0
22657246,34317001,43.79,3.46,620.0,20160714 09:54,,,0.0,,,288.95,
5713576,20307002,42.38,9.52,17.0,20160219 10:42,,,,39.0,273.95,288.05,
34271345,13036003,43.847,4.835,17.0,20181019 23:30,0.0,0.0,0.0,95.0,285.25,286.05,
33423280,38384001,45.36,5.31,386.0,20171019 22:54,90.0,2.7,0.0,79.0,279.95,283.45,101500.0
7249153,6081001,43.814,6.809,1525.0,20180304 09:36,160.0,3.4,0.0,61.0,270.35,277.25,
33610251,66194002,42.4,2.559,700.0,20171021 14:00,40.0,2.7,0.0,67.0,284.55,290.75,
33912943,6004002,43.565,7.133,72.0,20181017 00:24,340.0,2.7,,,,,
33574446,83118002,43.41,6.85,129.0,20171021 06:30,290.0,5.6,,,,,
5914745,20270001,42.08,8.8,407.0,20170220 23:54,360.0,0.6,0.0,83.0,277.65,280.45,
4004803,15120005,45.22,2.29,674.0,20160204 18:30,170.0,0.8,0.2,99.0,275.85,275.95,
2956044,15014004,44.9,2.42,640.0,20160126 16:36,220.0,1.1,0.0,59.0,278.55,286.35,102840.0
13621447,34306001,43.71,3.35,252.0,20160427 08:30,310.0,8.5,0.0,42.0,272.65,285.15,
38985737,42218011,45.45,4.36,602.0,20171207 04:12,190.0,2.2,0.0,82.0,270.95,273.65,
4813816,12254001,44.41,2.48,579.0,20170211 11:12,160.0,7.0,0.0,66.0,277.45,283.55,101600.0
13175737,29168001,48.04,-4.73,67.0,20160809 06:06,360.0,2.2,,,,,
20402299,26100001,44.83,5.09,820.0,20170627 17:12,,,0.0,50.0,286.75,297.85,
19303779,63113001,45.79,3.15,326.0,20160615 16:24,40.0,2.5,0.0,65.0,285.85,292.65,100020.0
5072056,26307001,45.01,5.29,308.0,20180213 17:06,,,0.0,,,,
1404464,6127006,44.07,7.26,899.0,20170113 01:36,,,0.0,,,274.75,
34835237,4209005,44.22,5.92,500.0,20171101 04:54,310.0,1.1,0.0,94.0,272.05,272.85,
11627948,20223001,42.54,9.19,510.0,20170411 20:18,150.0,0.6,0.0,91.0,283.15,284.55,
35309955,69299001,45.73,5.08,240.0,20161101 01:54,0.0,0.0,0.0,99.0,278.25,278.35,102530.0
11729515,11004001,43.112,2.098,293.0,20180411 23:00,70.0,2.4,0.0,90.0,278.65,280.35,
4625860,85119001,46.97,-1.13,100.0,20170318 20:42,,,0.0,93.0,282.65,283.75,
5271798,56004001,47.51,-2.38,26.0,20170329 14:48,,,0.0,,,292.65,
7927235,66074002,42.63,2.45,307.0,20180310 04:54,260.0,4.5,0.0,43.0,278.25,291.05,
17421853,83035001,43.25,5.78,418.0,20160530 13:30,290.0,7.9,0.0,54.0,282.65,292.15,101240.0
17599483,86039001,46.276,0.19,148.0,20181021 17:42,,,0.0,,,288.15,
31393766,63451001,45.67,2.89,1045.0,20171002 00:54,270.0,4.2,0.0,95.0,284.95,285.75,
18922468,4006005,44.242,6.625,1400.0,20180612 03:36,,,0.0,,,281.65,
9196008,73261003,45.218,6.465,698.0,20180321 02:48,,,0.0,,,272.35,
10554280,73052002,45.488,6.209,822.0,20180401 20:06,,,0.0,,,272.35,
19041501,53159002,48.21,-0.539,107.0,20181114 11:06,,,0.0,,,285.55,
14979811,37023002,47.177,1.212,126.0,20180908 07:18,,,0.0,79.0,283.35,286.95,
13227339,7185001,45.14,4.665,525.0,20180424 17:54,,,0.0,,,,
21640917,76217001,49.93,1.09,40.0,20171228 03:18,320.0,8.0,0.0,65.0,272.65,278.75,100120.0
33753252,7066800,44.698,4.649,212.0,20181015 16:36,,,0.0,94.0,288.15,289.15,
21765221,38412002,45.39,5.72,380.0,20160706 18:24,30.0,1.2,0.0,,,297.15,
37937510,69066003,46.097,4.319,553.0,20161123 18:48,,,0.0,,,284.85,
19001717,63125002,45.75,3.57,455.0,20170615 09:18,310.0,0.5,0.0,66.0,291.75,298.55,
34173918,26348001,44.43,4.99,257.0,20161022 03:42,,,0.0,,,,
40383659,6094002,44.1,6.931,1784.0,20161214 22:30,260.0,0.7,0.0,41.0,262.25,274.05,
14599211,42039003,45.699,3.844,990.0,20160505 16:36,100.0,3.5,0.0,49.0,279.15,289.95,
6429485,30339001,44.12,3.58,1564.0,20170225 11:06,90.0,2.5,0.0,33.0,260.75,275.45,
960777,30003001,43.537,4.207,1.0,20170109 06:06,330.0,6.0,0.0,69.0,270.55,275.65,
41437960,13054001,43.438,5.216,32.0,20181216 23:48,280.0,7.8,0.0,93.0,279.95,281.05,101660.0
11068378,22219003,48.266,-2.748,235.0,20180705 07:30,150.0,0.7,0.0,96.0,288.65,289.25,
27497995,20342001,41.922,9.401,17.0,20180823 20:54,280.0,2.5,0.0,52.0,287.35,297.85,101290.0
38535965,48198001,44.442,3.928,620.0,20181123 21:48,,,0.0,,,281.35,
16526340,85152001,46.62,-1.63,58.0,20161004 05:00,90.0,2.6,0.0,,,284.85,
28494643,23067001,45.7,2.26,772.0,20170906 11:36,330.0,2.1,0.0,56.0,280.25,289.05,
3731467,6118002,43.679,6.809,694.0,20180202 04:48,0.0,0.0,0.0,50.0,266.95,276.35,
19151577,38229001,45.23,5.78,469.0,20170616 16:54,,,0.0,,,,
3569358,44181001,47.01,-1.78,4.0,20170301 05:36,220.0,3.6,0.0,90.0,279.65,281.15,
5701013,28407001,48.258,0.91,235.0,20180406 18:48,120.0,3.8,0.0,59.0,280.15,288.05,
1238809,20054002,42.495,9.353,499.0,20180111 17:42,,,0.0,,,279.75,
25530235,26177001,45.11,4.94,213.0,20170811 13:54,,,0.0,,,,
34565980,19148001,45.38,2.28,615.0,20171029 21:00,,,0.0,,,280.35,
31400415,63319002,45.56,3.87,1260.0,20160927 20:54,,,0.0,,,,
16623952,5145002,44.671,6.21,1210.0,20170525 12:06,230.0,3.9,0.0,48.0,283.95,295.45,
30751902,6118002,43.679,6.809,694.0,20160922 05:00,20.0,2.0,0.0,78.0,281.05,284.75,
20074338,22005003,48.55,-3.388,158.0,20181201 01:42,210.0,4.4,0.0,93.0,281.25,282.35,
23628097,30093003,43.94,3.9,135.0,20160722 17:06,,,0.0,,,300.45,
10893253,56165003,47.95,-2.4,65.0,20160702 07:12,270.0,3.0,0.0,74.0,283.65,288.25,
8735382,85113001,46.694,-2.33,32.0,20180527 06:06,170.0,4.9,0.0,93.0,288.65,289.75,101340.0
15202127,76171001,49.538,1.44,197.0,20180911 23:48,,,0.0,,,286.95,
14901567,5120002,44.77,6.98,1670.0,20160508 07:00,140.0,2.9,0.0,74.0,274.95,279.25,
20816123,84094001,44.29,5.13,392.0,20160628 15:18,290.0,2.4,0.0,31.0,283.75,302.65,
20287327,15060002,44.8,3.01,1080.0,20160624 02:24,230.0,2.3,0.0,62.0,279.95,287.15,
12008541,26002003,45.25,4.82,153.0,20160413 13:30,170.0,3.4,0.0,63.0,282.75,289.85,
7431049,13047001,43.52,4.92,24.0,20160305 04:54,270.0,3.2,0.2,90.0,279.15,280.65,99760.0
19976901,36006004,46.57,1.5,178.0,20161130 04:24,,,0.0,,,,
37864939,26220010,44.359,5.115,316.0,20181118 12:00,,,0.0,50.0,275.65,285.75,
10935501,37129002,47.112,0.273,67.0,20180703 02:36,,,0.0,,,,
42374568,20272001,41.62,8.962,272.0,20181224 13:36,,,0.0,,,288.25,
9178062,36089003,46.662,1.798,185.0,20180603 16:00,,,0.0,74.0,287.85,292.65,
11986435,76116001,49.38,1.18,152.0,20170720 02:18,200.0,3.5,0.0,82.0,288.15,291.25,100880.0
30171780,26298001,45.23,5.071,400.0,20180915 11:12,,,0.0,,,,
24107677,26165001,44.79,4.83,98.0,20170730 02:36,,,0.0,,,,
6362319,48020003,44.199,3.632,1042.0,20170224 21:06,340.0,10.2,0.0,66.0,267.55,273.15,
28896122,4006005,44.242,6.625,1400.0,20180904 16:06,,,0.0,,,291.55,
1438892,45055001,47.99,1.78,125.0,20180125 07:00,220.0,5.4,0.0,94.0,280.15,281.05,101510.0
42928056,12005001,44.756,2.868,1107.0,20181228 23:24,60.0,6.7,0.0,99.0,271.35,271.45,
3041918,66137003,42.47,2.86,295.0,20180127 06:36,360.0,8.8,0.0,69.0,274.75,280.05,
10958877,7294001,44.3,4.26,149.0,20160404 13:00,,,0.0,,,286.95,
9367148,74136005,45.973,6.472,1430.0,20170323 03:54,120.0,1.3,0.0,84.0,272.65,275.05,
15513949,20096008,42.288,9.193,350.0,20170515 18:48,280.0,2.0,0.0,49.0,281.75,292.75,
20540068,30189001,43.857,4.406,62.0,20180625 23:24,350.0,3.3,0.0,49.0,284.05,295.25,101760.0
18947666,20268001,41.94,9.12,837.0,20160612 15:18,270.0,5.9,0.0,54.0,281.75,291.25,
19337418,56007001,47.66,-2.97,26.0,20161119 15:30,,,0.0,,,284.25,
10793125,37249001,47.52,0.47,117.0,20160630 15:06,,,0.0,,,,
6416475,72181001,47.94,0.19,52.0,20170417 17:24,360.0,5.0,0.0,49.0,276.75,287.35,102240.0
18965369,12145001,44.118,3.019,713.0,20180612 12:24,230.0,5.1,0.0,60.0,284.35,292.35,100690.0
10770565,7154005,44.73,4.08,1240.0,20160402 22:00,170.0,10.7,0.6,93.0,278.65,279.75,
5149861,38229001,45.23,5.78,469.0,20180214 09:06,,,0.0,,,,
20341715,42032001,45.53,4.54,493.0,20170627 04:30,,,0.0,84.0,287.95,290.65,
21196353,79079013,46.924,-0.755,144.0,20181218 18:12,,,0.0,,,281.35,
16890435,50615001,49.52,-1.51,61.0,20171009 21:18,,,0.0,,,286.75,
16982238,29120001,48.28,-4.44,83.0,20161011 17:48,100.0,2.8,0.0,65.0,278.15,284.45,101680.0
32742603,83069002,43.0,6.23,137.0,20171013 23:36,250.0,1.7,0.0,94.0,289.75,290.75,
34683124,12254001,44.41,2.48,579.0,20171030 21:18,20.0,1.2,0.0,83.0,272.65,275.25,102550.0
33453249,34178001,43.48,3.15,140.0,20161015 19:54,40.0,2.1,0.0,91.0,284.65,286.05,
6471881,36136001,46.93,1.17,148.0,20170418 15:42,,,0.0,,,,
32839105,83004004,43.451,6.471,55.0,20171014 20:06,,,0.0,,,288.35,
6362732,11181002,43.39,2.02,408.0,20180224 18:48,,,0.0,,,277.05,
28312752,30009001,43.98,3.44,611.0,20170904 21:36,,,0.0,,,291.55,
4502945,15122002,44.73,2.17,480.0,20170208 18:42,340.0,3.6,0.0,90.0,274.75,276.25,
30610872,20040004,42.1,9.1,1019.0,20170925 01:42,40.0,0.6,0.0,76.0,280.65,284.85,
6922822,73052002,45.488,6.209,822.0,20180301 14:18,,,0.0,,,280.55,
2909122,63417001,45.84,3.05,550.0,20160126 06:48,,,0.0,,,279.85,
23718411,38548001,45.08,5.56,1024.0,20160723 11:42,350.0,5.4,0.0,75.0,286.95,291.45,
13368474,36146001,46.47,1.67,315.0,20160812 11:12,,,0.0,,,,
42994170,20314005,42.68,9.222,128.0,20181229 12:00,,,0.0,,,287.95,
23593707,4019001,44.391,6.67,1155.0,20180721 17:54,200.0,1.4,0.0,69.0,285.05,290.85,
23698289,11004001,43.112,2.098,293.0,20180722 15:06,290.0,3.7,0.0,47.0,286.05,298.25,
4032070,29075001,48.44,-4.41,95.0,20160308 20:54,210.0,8.3,0.0,97.0,282.95,283.45,101060.0
25522159,38548001,45.08,5.56,1024.0,20160808 00:42,210.0,0.6,0.0,98.0,282.65,282.95,
13540499,20111004,42.35,9.42,780.0,20170428 12:36,,,,,,287.15,
807939,36085001,47.07,1.76,135.0,20180114 16:12,,,0.0,,,,
19941320,56165003,47.95,-2.4,65.0,20171129 19:36,300.0,2.0,0.0,90.0,275.85,277.35,
969507,12039001,43.75,2.94,858.0,20160109 11:00,,,0.0,,,281.95,
5937187,26176001,44.64,4.87,280.0,20180221 03:06,,,0.0,,,,
2621402,15101004,45.08,2.75,1238.0,20180123 16:06,,,0.0,,,278.65,
41805668,73144001,45.27,6.9,2032.0,20161227 04:12,10.0,0.6,0.0,89.0,269.65,271.25,
34423657,43130002,45.03,4.24,1130.0,20171028 15:24,340.0,6.8,0.0,62.0,273.25,280.05,
34249510,74056001,45.93,6.88,1042.0,20171027 03:18,0.0,0.0,0.0,99.0,274.25,274.35,
32880569,26168001,44.67,5.71,1059.0,20161010 19:24,340.0,2.5,0.0,79.0,273.45,276.75,
17628793,42207005,45.49,4.53,390.0,20170603 07:06,200.0,1.7,0.0,65.0,288.25,295.15,
10716885,63354004,46.033,2.804,705.0,20170403 21:42,20.0,3.2,0.0,62.0,276.75,283.75,
14255437,13028001,43.173,5.574,316.0,20180503 12:36,280.0,6.1,,,,,
17227474,61426001,48.37,0.55,168.0,20171015 11:54,,,0.0,,,294.65,
10470702,85119001,46.97,-1.13,100.0,20160625 06:00,,,0.0,94.0,285.65,286.55,
2795903,53116003,48.406,-0.441,268.0,20180217 02:48,90.0,1.4,0.2,94.0,275.45,276.35,
13989497,50020001,49.73,-1.94,8.0,20170822 12:48,90.0,8.4,0.0,86.0,291.15,293.55,101640.0
4496300,5126001,44.39,5.46,625.0,20180208 18:42,70.0,0.6,0.0,82.0,269.25,271.95,
29317069,13108004,43.83,4.64,15.0,20170913 15:30,200.0,5.7,0.0,53.0,287.95,298.15,
11015779,11124003,42.99,2.82,120.0,20160405 00:48,150.0,4.9,0.0,87.0,284.35,286.45,
21651295,62160001,50.73,1.6,68.0,20161227 13:48,360.0,0.9,0.0,79.0,276.95,280.35,104450.0
37433685,73132003,45.76,6.53,1633.0,20161119 10:54,360.0,0.7,0.0,99.0,271.65,271.75,
28130231,42207005,45.49,4.53,390.0,20160830 11:18,130.0,1.5,0.0,52.0,285.95,296.35,
4063202,56240003,47.51,-2.8,37.0,20160309 09:18,310.0,7.5,0.0,,,281.35,
38822732,20223001,42.54,9.19,510.0,20161201 10:30,190.0,1.7,0.0,54.0,273.15,281.95,
12871764,23008004,45.958,2.188,486.0,20170422 17:06,,,0.0,,,291.65,
37329062,20354008,42.153,9.149,773.0,20181114 03:30,,,0.0,,,277.75,
18225363,36219001,46.66,1.58,157.0,20161101 06:36,,,0.0,,,,
21941879,19164001,45.701,2.059,827.0,20180707 19:06,50.0,1.9,0.0,59.0,285.15,293.45,
24420386,73179005,45.58,5.86,410.0,20160729 13:06,,,0.0,,,,
5342531,73255003,45.34,6.31,460.0,20160216 06:18,0.0,0.0,0.0,89.0,273.15,274.75,
10334076,56069001,47.652,-3.502,41.0,20180623 02:12,70.0,6.5,0.0,71.0,282.85,288.05,
11736253,28407001,48.258,0.91,235.0,20170715 21:30,320.0,0.9,0.0,60.0,283.85,291.75,
31758947,19073006,45.399,2.059,610.0,20180928 22:18,30.0,4.4,0.0,70.0,282.45,287.85,
18054904,37023002,47.177,1.212,126.0,20171029 05:18,,,0.0,97.0,282.75,283.25,
12985378,27422001,49.224,1.28,31.0,20160806 02:12,280.0,1.3,0.0,95.0,284.15,284.95,
4793954,83061007,43.5,6.81,550.0,20170211 07:00,80.0,3.0,0.0,87.0,276.25,278.25,
16133449,7204008,45.0,4.37,1014.0,20160518 23:24,280.0,3.5,0.0,90.0,279.75,281.25,
19234204,20004002,41.918,8.793,9.0,20180614 19:42,90.0,1.6,0.0,81.0,290.45,293.85,100930.0
39048690,20047006,42.331,9.021,811.0,20181128 00:00,250.0,2.7,0.0,76.0,273.95,277.85,
6694073,56178003,48.06,-2.95,83.0,20160422 08:30,270.0,2.3,0.0,81.0,282.65,285.85,
6880549,26258001,44.62,4.98,211.0,20180301 05:36,,,0.0,,,,
1585058,34217001,43.72,3.86,85.0,20180114 17:48,10.0,0.9,0.0,96.0,280.05,280.65,
4472499,28190001,48.09,1.67,132.0,20170316 07:18,,,0.0,100.0,278.25,279.05,
29303947,43137003,45.314,4.231,777.0,20180908 02:54,190.0,1.4,0.0,93.0,281.35,282.45,
14950115,83116022,43.48,5.85,294.0,20160508 16:54,120.0,7.5,0.0,68.0,282.25,288.15,
10333895,20114002,41.505,9.104,23.0,20180330 22:30,250.0,5.2,0.0,85.0,283.35,285.85,100620.0
17928757,30101001,44.07,4.14,185.0,20170605 22:36,320.0,1.9,0.0,57.0,282.75,291.45,
15981531,26002003,45.252,4.822,153.0,20180518 03:48,340.0,1.3,0.0,85.0,284.35,286.85,
27757997,73227006,45.4,6.63,2005.0,20160827 06:12,40.0,0.7,0.0,69.0,284.35,290.05,
7663791,26330001,45.27,4.93,245.0,20180307 22:48,,,0.0,,,,
18513910,38191002,45.088,6.086,1860.0,20180608 15:42,330.0,2.0,0.0,78.0,282.35,286.05,
39864501,81192005,43.633,2.825,1022.0,20181204 11:42,320.0,5.8,0.0,97.0,280.45,280.85,
8382890,28252002,48.25,0.99,267.0,20160521 00:18,,,0.0,97.0,284.55,285.25,
23358858,43150001,45.099,4.061,1020.0,20160720 09:42,,,0.0,,,302.55,
267846,1034004,45.77,5.69,330.0,20180103 07:36,350.0,1.1,0.0,100.0,279.85,279.85,
33524113,12063003,43.987,3.182,794.0,20161016 10:54,,,0.0,,,287.05,
12607409,79329001,46.99,-0.21,81.0,20160730 19:48,,,0.0,,,,
10125810,61001001,48.446,0.11,145.0,20180619 15:00,60.0,0.9,0.0,61.0,288.95,296.95,102510.0
3290964,29278001,48.17,-3.73,138.0,20160225 11:30,20.0,1.6,0.0,58.0,273.05,280.75,
3270158,6005001,43.92,7.01,1173.0,20170129 04:12,360.0,2.1,0.0,88.0,273.15,274.95,
18794655,63417001,45.84,3.045,550.0,20180611 01:12,,,0.0,,,288.15,
15625295,20004002,41.92,8.79,9.0,20170516 18:24,0.0,0.0,0.0,70.0,287.45,293.05,102350.0
19384919,6004002,43.565,7.133,72.0,20180616 02:42,40.0,2.5,,,,,
15636292,13004003,43.51,4.694,1.0,20160514 13:36,350.0,9.7,0.0,48.0,285.05,296.75,
13390662,14357002,48.93,-0.69,223.0,20160812 20:06,,,0.0,,,289.35,
24356607,19073006,45.399,2.059,610.0,20180728 04:42,330.0,2.0,0.2,84.0,288.55,291.25,
12493596,37067003,47.261,0.404,60.0,20180729 01:36,,,0.0,,,,
29531499,30175001,44.268,4.43,120.0,20180910 01:12,,,0.0,,,287.55,
26360674,11004001,43.11,2.1,293.0,20170818 20:36,260.0,4.9,0.0,87.0,290.95,293.15,
11118913,28198001,48.06,1.38,127.0,20170705 13:06,90.0,5.4,0.0,27.0,283.85,305.15,101450.0
10529187,85163001,47.0,-2.26,3.0,20160626 05:24,340.0,2.6,0.0,84.0,284.55,287.25,
39127163,63003004,45.517,3.743,555.0,20181128 14:54,170.0,1.5,0.0,66.0,278.05,284.15,
20495772,29168001,48.039,-4.732,67.0,20181207 17:54,270.0,17.7,,,,,
7476950,35281001,48.07,-1.73,37.0,20160505 10:36,100.0,6.1,0.0,39.0,277.85,292.15,101630.0
13603162,6118002,43.679,6.809,694.0,20160427 04:48,320.0,6.6,0.0,38.0,268.25,281.75,
39818185,4136001,43.98,6.52,920.0,20161210 01:18,0.0,0.0,0.0,91.0,266.65,267.85,
15572709,23008004,45.958,2.188,486.0,20160514 00:18,,,0.0,,,284.45,
345168,62076002,50.75,1.91,117.0,20160106 20:42,,,0.0,,,279.25,
39798467,13031002,43.39,5.6,201.0,20161209 21:12,,,0.0,,,276.25,
29852144,30175001,44.27,4.43,120.0,20170918 07:42,,,0.0,,,285.45,
21216288,28198001,48.06,1.38,127.0,20161220 10:54,200.0,1.9,0.0,87.0,274.55,276.55,102250.0
868395,26074001,44.96,5.42,879.0,20180108 12:24,180.0,2.9,0.0,39.0,271.45,284.95,
28195419,11016003,43.101,2.503,240.0,20180829 18:12,250.0,3.6,0.0,63.0,290.25,297.65,
1495646,5007003,44.8,6.73,1825.0,20160114 00:24,0.0,0.0,0.0,74.0,258.55,262.25,
34319482,63319002,45.576,3.886,1263.0,20171027 17:48,340.0,6.2,0.0,94.0,279.15,280.05,
10019541,36089003,46.66,1.8,185.0,20160617 17:42,,,0.0,,,,
8014471,78465001,48.86,1.69,102.0,20170514 10:30,260.0,3.2,0.0,,,289.45,
1554352,76481001,49.53,0.09,95.0,20170126 19:18,100.0,6.7,0.0,69.0,269.55,274.65,101550.0
37183007,83051001,43.521,6.252,279.0,20181112 22:48,150.0,1.7,0.0,90.0,285.95,287.55,
11609357,14366002,49.17,0.23,62.0,20160714 05:54,,,0.0,,,285.15,
37811899,5070003,44.319,5.795,565.0,20181118 01:42,300.0,1.9,0.0,94.0,272.05,272.85,
35392312,6083005,43.79,7.49,216.0,20171106 00:42,350.0,6.6,0.0,78.0,279.45,283.15,
20641222,83044003,43.659,6.471,892.0,20160627 03:18,320.0,3.5,0.0,64.0,279.35,286.05,
5932018,15060002,44.8,3.01,1080.0,20170221 03:30,220.0,0.9,0.0,99.0,274.85,274.95,
41195873,26035001,44.78,5.14,370.0,20171226 10:12,,,0.0,,,,
25341579,42005001,45.53,4.29,402.0,20160806 11:06,340.0,4.3,0.0,53.0,284.25,294.25,102620.0
19342535,29120001,48.28,-4.44,83.0,20171119 18:30,260.0,2.1,0.0,86.0,281.95,284.25,102580.0
13053619,5170001,44.452,6.033,600.0,20170424 07:00,0.0,0.0,0.0,80.0,279.55,282.85,101970.0
4275039,53185001,48.452,-0.183,277.0,20180313 21:00,,,0.0,,,279.85,
33389693,30130001,44.34,3.96,519.0,20161015 06:30,,,0.0,,,282.05,
18430432,50215002,49.108,-1.607,7.0,20161104 16:00,180.0,5.2,0.0,92.0,280.75,281.95,
4156339,56159001,47.77,-2.39,65.0,20180311 21:24,200.0,7.1,0.0,92.0,281.95,283.15,
17792631,83042001,43.262,6.51,20.0,20180602 12:48,,,0.0,,,298.05,
5064888,72172003,48.08,0.59,112.0,20170326 04:18,70.0,0.6,0.0,74.0,275.15,279.45,
27178801,63125002,45.754,3.572,455.0,20180821 04:00,130.0,1.5,0.0,95.0,287.35,288.15,
37638966,74056001,45.93,6.88,1042.0,20171125 12:24,220.0,1.6,0.0,95.0,275.15,275.85,
9840777,62826001,50.51,1.62,20.0,20170614 03:00,130.0,1.6,0.0,84.0,282.65,285.25,101880.0
35915971,5183001,44.88,6.64,1310.0,20161106 08:12,70.0,4.2,0.2,87.0,274.35,276.35,
41375848,42019004,45.76,4.01,430.0,20161223 11:54,,,0.0,,,,
35507983,34274001,43.779,3.729,214.0,20181030 03:48,250.0,3.9,0.0,68.0,274.05,279.55,
13162588,23001001,46.09,2.03,460.0,20170425 05:42,,,0.0,,,,
34723726,26292002,44.295,5.41,625.0,20181023 17:12,240.0,3.0,0.0,53.0,276.65,286.05,
37054536,30175001,44.27,4.43,120.0,20171120 11:30,,,0.0,,,287.75,
11517501,38191002,45.09,6.09,1860.0,20160409 08:30,320.0,1.5,0.0,86.0,269.15,271.15,
37431378,6037002,43.75,6.92,1268.0,20161119 10:30,310.0,10.2,0.0,57.0,273.35,281.35,
40316919,12077002,43.922,3.192,718.0,20181208 02:18,310.0,5.3,0.2,85.0,275.05,277.35,
21968257,30081002,44.135,4.708,30.0,20160708 12:12,,,0.0,,,,
25492921,6050002,43.792,7.048,985.0,20180806 18:48,,,0.0,,,295.15,
37238730,6004009,43.6,7.11,30.0,20161117 18:36,,,0.0,,,283.35,
1910396,83093005,43.34,5.73,605.0,20170117 10:24,,,0.0,,,272.95,
2865204,22168001,48.83,-3.47,58.0,20180218 06:48,240.0,4.2,0.0,99.0,282.95,283.15,102030.0
33458618,26191001,44.545,4.824,136.0,20181013 05:36,,,0.0,,,,
17034846,29155005,48.473,-5.057,68.0,20181012 09:06,170.0,15.5,0.0,84.0,286.75,289.45,100500.0
16191977,34269001,43.39,2.86,258.0,20170521 17:30,150.0,4.1,0.0,38.0,279.95,294.85,
12859393,7064001,44.91,4.42,450.0,20160420 20:00,,,0.0,72.0,,,
22275703,19136002,45.53,2.15,670.0,20160711 03:18,,,0.0,,,,
15115870,29293001,47.841,-3.869,25.0,20180910 13:36,220.0,4.1,0.0,75.0,289.35,293.95,
15495549,36089003,46.66,1.8,185.0,20170916 16:18,,,0.0,,,,
17608109,29082001,48.75,-4.01,32.0,20161022 02:36,130.0,4.0,,,,,
8245463,44184001,47.23,-2.3,14.0,20170518 06:48,330.0,1.9,,,,,
36578745,20169007,42.47,9.2,240.0,20161112 01:48,,,0.0,87.0,276.95,279.15,
18397675,14216001,48.93,-0.15,155.0,20161104 03:00,200.0,1.8,0.0,85.0,275.55,277.85,
21776492,5158001,44.476,5.816,801.0,20180706 09:36,,,0.0,,,295.85,
10402421,76473001,49.49,0.77,4.0,20170623 13:48,270.0,2.6,0.0,72.0,285.75,290.85,
14845706,76473001,49.494,0.771,4.0,20180906 01:48,300.0,1.6,0.0,96.0,289.15,289.75,
11238895,53185001,48.452,-0.183,277.0,20160708 01:36,,,0.0,,,289.05,
10594970,26327001,44.69,5.43,545.0,20160401 09:30,350.0,1.5,0.0,92.0,279.75,280.95,
3149562,62076002,50.75,1.91,117.0,20170222 06:24,,,0.0,,,282.45,
17636293,41173003,47.904,1.522,128.0,20181022 08:18,360.0,5.3,0.0,84.0,282.45,285.05,
8092715,37055002,47.48,0.255,87.0,20180516 12:42,,,0.0,,,,
10001995,80182003,50.187,1.521,4.0,20180617 13:36,260.0,7.8,0.0,69.0,284.95,290.75,
9443253,28214003,48.48,1.01,200.0,20160608 03:00,,,0.0,,,285.75,
556491,11203004,43.173,2.729,60.0,20180105 19:30,90.0,1.2,0.0,96.0,282.85,283.45,100530.0
17264733,5126001,44.39,5.46,625.0,20160529 05:12,50.0,1.8,0.4,93.0,283.35,284.45,
1021721,50209001,49.65,-1.46,138.0,20160118 06:24,130.0,7.8,0.0,97.0,273.85,274.25,101160.0
580832,26258001,44.62,4.98,211.0,20170105 23:30,,,0.0,80.0,270.65,273.65,
11981384,79309001,46.62,-0.57,247.0,20160720 11:18,220.0,3.0,0.0,94.0,291.65,292.65,
1099113,28280003,48.314,0.839,180.0,20180119 14:00,,,,71.0,275.85,280.75,101670.0
682744,13091002,43.6,5.32,250.0,20180106 21:42,90.0,6.1,0.0,68.0,279.55,285.25,
27882485,42039003,45.699,3.844,990.0,20170901 03:42,230.0,1.6,0.0,97.0,275.75,276.15,
33002908,5181002,45.031,6.362,1665.0,20171016 06:54,100.0,0.6,0.0,78.0,270.35,273.75,
41260198,26264002,44.43,5.37,475.0,20161222 12:00,,,0.0,,,281.45,
38497298,42052002,46.164,4.174,278.0,20181123 14:24,,,0.0,,,,
21767599,78354001,48.964,1.674,123.0,20181227 18:36,220.0,1.8,0.0,100.0,272.75,272.75,
21732541,41152001,47.536,1.73,96.0,20181227 05:18,0.0,0.0,0.0,97.0,270.65,271.05,
14803367,26327001,44.694,5.428,545.0,20180508 03:48,260.0,0.6,0.0,97.0,281.85,282.35,
15074761,28002001,48.191,1.847,133.0,20180909 21:12,,,0.0,59.0,284.25,292.35,
18962865,56017003,47.88,-2.73,112.0,20171113 08:54,30.0,1.0,0.0,77.0,275.55,279.25,
30086454,30130001,44.34,3.96,519.0,20170920 09:24,,,0.0,,,289.45,
40930253,38133001,45.355,5.596,300.0,20181212 23:06,70.0,3.5,0.0,74.0,270.15,274.25,
10007505,5126001,44.388,5.462,625.0,20180328 03:00,250.0,1.6,0.0,77.0,278.05,281.85,
13817520,34205001,43.79,3.25,844.0,20170430 22:24,300.0,8.1,0.0,100.0,274.15,274.15,
11867226,73257003,45.297,6.51,2800.0,20160412 08:30,230.0,7.8,,,,,
12096558,22247002,48.74,-3.25,55.0,20160722 09:18,360.0,0.5,0.0,,,294.55,
5785498,50209001,49.653,-1.464,138.0,20180408 04:42,320.0,0.7,0.0,95.0,280.25,281.05,100740.0
1037623,48105001,44.748,3.828,967.0,20160110 01:06,,,0.0,,,,
9109419,44184001,47.23,-2.3,14.0,20170601 17:12,290.0,4.6,,,,,
6393549,49331003,47.679,-0.873,25.0,20180418 07:54,,,0.0,,,289.45,
41949960,30339001,44.12,3.58,1564.0,20161228 09:48,50.0,6.7,0.0,22.0,259.35,279.55,
1889674,53116003,48.41,-0.44,268.0,20160201 21:30,250.0,6.4,0.0,98.0,282.45,282.75,
1016828,6120004,44.26,6.92,1150.0,20170109 17:42,,,0.0,,,272.75,
25218468,26064001,44.91,4.97,164.0,20170808 20:06,360.0,1.3,0.0,91.0,289.95,291.45,101560.0
3752483,6059003,43.74,7.36,677.0,20160202 14:18,,,0.0,,,282.45,
6084790,76552001,49.51,0.07,104.0,20160412 03:12,140.0,2.4,0.0,85.0,278.75,281.15,100760.0
40965805,84085004,43.94,5.23,488.0,20171224 10:06,150.0,1.0,0.0,65.0,275.95,282.15,
2484602,1027003,45.83,5.11,196.0,20170122 09:30,,,,95.0,266.95,267.65,
25588657,63006002,45.32,3.02,1270.0,20160808 14:30,,,0.0,,,296.95,
14374062,66187006,42.821,2.485,300.0,20160503 18:30,290.0,6.5,0.0,44.0,276.55,288.75,
6215057,6136005,43.86,7.43,843.0,20160223 17:42,20.0,1.7,0.0,93.0,280.05,281.15,
22652318,26167001,44.62,5.45,537.0,20160714 08:54,,,0.0,,,,
20033512,83075001,43.317,6.358,147.0,20160621 22:12,,,0.0,,,289.05,
9683802,26047001,44.54,5.45,965.0,20180325 08:00,,,0.0,,,275.35,
41596977,38375009,44.946,6.188,1564.0,20161225 09:24,,,0.0,,,275.55,
20400251,79049004,46.84,-0.516,191.0,20181206 05:48,250.0,5.6,0.0,93.0,283.75,284.85,
20714155,26330001,45.272,4.931,245.0,20180627 10:42,,,0.0,,,,
16710232,14296001,48.795,-1.037,336.0,20181006 23:48,,,0.8,,,283.15,
17112288,61006005,48.72,0.01,170.0,20171013 13:54,260.0,2.6,0.0,63.0,287.15,294.45,
5569303,7172002,45.29,4.71,480.0,20170218 00:00,340.0,4.3,0.0,72.0,275.15,279.85,
19045006,73139001,45.659,6.177,832.0,20170615 18:24,,,0.0,,,295.25,
5436756,6004009,43.6,7.11,30.0,20170216 20:30,,,0.0,,,282.45,
30565185,13022003,43.22,5.5,212.0,20170924 15:54,280.0,4.5,0.0,59.0,286.95,295.35,
18533921,76217001,49.93,1.09,40.0,20161106 09:18,320.0,7.9,0.0,70.0,275.45,280.55,100580.0
29176115,43093001,45.27,3.74,1020.0,20160908 12:06,,,0.0,,,296.65,
5635509,34055003,43.67,2.98,424.0,20170218 13:42,,,0.0,,,286.45,
2152500,74045001,45.8,6.368,925.0,20180119 15:24,,,0.0,,,275.25,
6569978,7159001,44.58,4.5,275.0,20180226 13:30,,,0.0,,,273.35,
3457661,76481001,49.53,0.09,95.0,20170227 09:12,160.0,6.2,0.2,90.0,280.25,281.85,99620.0
37465360,1200002,46.09,5.482,596.0,20181115 06:12,,,0.0,,,280.05,
36798771,26198001,44.58,4.73,74.0,20161113 23:24,30.0,5.4,0.0,85.0,279.35,281.75,102420.0
11087138,26281001,45.05,5.0,158.0,20160405 15:36,,,0.0,,,,
29119270,20272004,41.65,8.98,62.0,20160908 00:18,60.0,1.1,0.0,78.0,287.05,291.05,
41258366,6029001,43.556,6.95,4.0,20181215 13:36,180.0,3.2,0.0,65.0,277.45,283.75,101860.0
17376780,11262005,43.15,2.96,110.0,20170601 01:54,190.0,1.3,0.0,82.0,287.35,290.45,
40078571,19125001,45.28,2.04,598.0,20161212 07:18,,,0.0,,,,
19168014,26220010,44.36,5.12,316.0,20160614 12:36,,,0.0,,,,
8416203,5070003,44.32,5.79,565.0,20170314 20:18,320.0,3.3,0.0,62.0,275.55,282.45,
42134884,20093002,42.63,8.92,145.0,20161229 23:48,90.0,11.6,0.0,54.0,272.55,281.35,103490.0
7063004,61491002,48.59,0.67,217.0,20170428 13:12,,,0.0,,,285.85,
35205402,73132003,45.76,6.53,1633.0,20171104 09:36,360.0,0.9,0.0,53.0,272.25,281.25,
662350,83061001,43.423,6.738,7.0,20170106 16:18,260.0,1.9,0.0,62.0,271.15,277.85,
1548904,56243001,47.6,-2.71,3.0,20160127 03:18,200.0,6.3,0.0,87.0,283.15,285.25,
25247514,42039003,45.699,3.844,990.0,20160805 15:30,330.0,4.8,0.0,63.0,282.55,289.65,
3580274,73054001,45.61,6.76,868.0,20170131 20:12,0.0,0.0,0.0,97.0,276.45,276.85,
18856344,22219003,48.27,-2.75,235.0,20161111 17:06,200.0,1.1,0.0,81.0,277.85,280.95,
2747342,42248002,45.91,3.84,612.0,20180124 17:54,,,0.0,,,284.95,
8352525,56017003,47.884,-2.729,112.0,20180520 20:36,40.0,3.0,0.0,74.0,283.15,287.75,
22531765,83137001,43.1,5.93,21.0,20160713 08:00,300.0,8.6,0.0,40.0,282.15,296.55,101300.0
13285166,13056002,43.33,5.05,27.0,20170426 07:18,290.0,5.0,,,,,
20727692,79309001,46.617,-0.571,247.0,20171212 22:12,180.0,3.2,0.0,98.0,276.05,276.35,
29707261,83035002,43.184,5.772,66.0,20170917 01:12,,,0.0,,,285.45,
3441897,14137001,49.18,-0.46,67.0,20180227 22:54,70.0,2.6,0.0,49.0,259.95,269.15,101780.0
35798370,66082004,42.616,2.111,1495.0,20161105 07:42,220.0,5.0,0.0,79.0,279.15,282.65,
19175771,38191002,45.09,6.09,1860.0,20170616 22:00,10.0,0.6,0.0,72.0,279.35,284.25,
31841608,4068001,43.91,5.767,427.0,20180929 15:06,190.0,6.3,0.0,29.0,280.15,299.65,
3824029,20148001,42.54,9.49,12.0,20160203 05:06,240.0,2.1,0.0,91.0,281.55,282.95,102090.0
15521537,56069001,47.65,-3.5,41.0,20160917 07:42,330.0,6.2,0.0,84.0,285.35,288.05,
12200752,79191005,46.316,-0.4,61.0,20180724 04:36,30.0,2.5,0.0,74.0,287.55,292.25,101320.0
14817943,28215001,48.329,1.817,145.0,20180905 14:48,,,0.0,54.0,288.05,297.85,
22166726,30055001,44.131,4.285,603.0,20180709 16:36,,,0.0,,,301.65,
27700698,13028001,43.173,5.574,316.0,20180825 14:06,310.0,12.2,,,,,
25363838,6102001,44.07,7.13,1130.0,20170810 02:54,,,0.0,,,288.05,
3777896,85182004,46.77,-0.83,153.0,20170304 16:36,280.0,7.8,0.0,76.0,277.95,281.95,
37377372,83035001,43.252,5.785,418.0,20171123 06:18,30.0,2.7,0.0,87.0,281.05,283.15,101950.0
24966071,83042001,43.262,6.51,20.0,20180802 08:12,,,0.0,,,305.85,
14096960,28198001,48.06,1.38,127.0,20160824 13:48,150.0,1.6,0.0,29.0,287.85,308.55,101620.0
9420112,83051001,43.52,6.25,279.0,20160322 06:54,350.0,1.0,0.0,93.0,278.05,279.05,
33569924,7069001,45.06,4.7,405.0,20161016 20:36,,,0.0,,,,
20465029,29163003,48.5,-3.853,147.0,20181207 06:18,220.0,9.0,0.6,94.0,284.05,284.95,
40817470,7019005,44.6,4.41,180.0,20171223 03:06,,,0.0,,,,
40447716,46100001,44.58,2.0,342.0,20161215 11:42,140.0,1.0,0.0,89.0,278.85,280.55,
2586451,63125002,45.75,3.57,455.0,20160123 11:36,0.0,0.0,0.0,92.0,280.75,281.95,
1028505,66074002,42.63,2.45,307.0,20160109 23:12,120.0,0.8,0.0,98.0,276.95,277.25,
13754821,85104001,46.35,-1.33,2.0,20170818 15:12,280.0,7.1,0.0,,,294.45,
35132530,30081002,44.13,4.71,30.0,20161030 12:54,,,0.0,,,,
5267899,83035002,43.183,5.773,68.0,20160215 15:00,,,0.0,,,287.95,
33820931,4068001,43.91,5.77,427.0,20161019 01:30,330.0,1.5,0.0,96.0,276.65,277.25,
7297199,38538002,45.22,5.85,220.0,20160304 01:12,320.0,2.1,0.0,94.0,273.95,274.85,101330.0
2317700,29155008,48.46,-5.06,39.0,20170208 10:48,340.0,3.1,0.0,74.0,278.15,282.55,102920.0
14341022,37240001,47.59,0.931,109.0,20180828 16:24,150.0,1.5,0.0,41.0,288.65,303.35,
17342099,20050001,42.53,8.79,58.0,20170531 18:36,20.0,1.4,0.0,78.0,291.25,295.25,101980.0
26785878,48095005,44.53,3.45,934.0,20160818 21:06,300.0,0.6,0.0,87.0,285.55,287.65,
26893432,69299001,45.73,5.08,240.0,20170823 12:36,100.0,2.3,0.0,35.0,287.15,304.45,101440.0
15610224,37023002,47.177,1.212,126.0,20160918 19:48,,,0.0,79.0,286.75,290.45,
33762659,83035002,43.184,5.772,66.0,20181015 18:24,,,0.4,,,290.45,
13996671,36063001,46.87,1.741,157.0,20180822 23:00,330.0,3.5,0.0,67.0,288.95,295.35,101550.0
12541092,48104002,44.64,3.0,1284.0,20170419 19:36,,,0.0,,,,
8332382,83051001,43.52,6.25,279.0,20160312 22:54,360.0,2.6,0.0,77.0,273.85,277.55,
22618186,12266002,44.289,2.82,879.0,20170717 01:54,160.0,3.4,0.0,57.0,282.15,290.75,
9851813,41173003,47.904,1.522,128.0,20180615 01:24,260.0,1.2,0.0,96.0,287.85,288.45,
6357482,61404001,48.56,0.53,242.0,20170416 17:42,280.0,3.7,0.0,70.0,278.75,284.05,
35218916,84009002,43.79,5.62,381.0,20161031 06:54,90.0,4.1,0.0,77.0,277.45,281.25,
12522618,30176002,43.95,3.58,640.0,20160417 22:42,270.0,3.0,0.0,75.0,276.55,280.75,
30926612,74014004,46.004,6.699,1607.0,20170927 21:06,,,0.0,,,282.05,
17847586,23001001,46.093,2.03,460.0,20180603 00:00,,,0.0,86.0,287.55,289.95,
35234054,20185003,42.632,9.32,75.0,20181027 22:00,160.0,4.6,0.0,85.0,286.55,289.05,
7842402,1414001,45.916,5.625,878.0,20170309 20:00,290.0,3.3,0.0,95.0,278.65,279.35,
3301448,26115001,44.727,4.99,175.0,20160129 16:24,,,0.0,,,,
18928365,44184001,47.23,-2.3,14.0,20161112 21:30,300.0,2.7,,,,,
25997745,11069001,43.22,2.3,127.0,20160812 02:54,270.0,2.0,0.0,60.0,281.05,288.75,102590.0
24865767,13031002,43.387,5.601,201.0,20180801 12:00,,,0.0,,,309.15,
5476345,28190001,48.09,1.67,132.0,20170402 00:36,,,0.0,87.0,279.25,281.65,
11607674,42218011,45.45,4.36,602.0,20160410 03:06,20.0,0.6,0.0,79.0,275.25,278.65,
23931445,13056002,43.33,5.05,27.0,20160725 07:54,340.0,4.4,,,,,
18214619,42102002,45.56,4.44,803.0,20170608 11:18,,,0.0,,,293.25,
26313569,30273001,44.28,4.58,71.0,20160814 19:54,,,0.0,,,296.25,
2060016,22282001,48.64,-2.25,35.0,20170204 04:24,20.0,7.5,0.4,94.0,278.95,279.85,
17353510,20185003,42.632,9.32,75.0,20160529 23:30,0.0,0.0,0.0,86.0,282.95,285.25,
715217,66187006,42.821,2.485,300.0,20180107 04:24,90.0,9.3,0.0,93.0,283.65,284.75,
12680414,4115001,44.03,6.62,1090.0,20170421 01:00,,,0.0,,,,
35467953,11069001,43.22,2.3,127.0,20171106 16:30,300.0,10.3,0.0,60.0,274.65,281.95,102130.0
9646139,26142001,44.675,5.615,1000.0,20180325 00:12,,,0.0,,,275.85,
24179190,13108004,43.83,4.64,15.0,20160727 11:12,350.0,5.3,0.0,38.0,286.75,302.55,
8619686,56166005,47.92,-3.34,75.0,20170524 12:06,,,0.0,,,296.15,
20196119,36085001,47.07,1.76,135.0,20171204 02:00,,,0.0,99.0,276.15,276.25,
3800004,43046001,45.05,3.89,714.0,20170202 17:30,180.0,9.0,0.0,71.0,277.75,282.75,
4559813,6083005,43.79,7.49,216.0,20170209 06:30,340.0,2.4,0.0,57.0,274.05,282.15,
16440391,43091005,44.901,4.161,1350.0,20180522 01:24,,,0.0,,,281.85,
32166057,26188001,44.234,5.183,280.0,20181002 08:54,,,0.0,,,,
12204222,5007003,44.8,6.73,1825.0,20160415 05:30,0.0,0.0,0.0,70.0,269.85,274.75,
35083676,26273002,44.991,5.165,368.0,20181026 16:30,,,0.0,,,287.75,
10352409,42128001,45.93,4.31,610.0,20170331 17:42,,,0.0,,,,
12562385,15120005,45.22,2.29,674.0,20160418 06:54,30.0,1.8,0.0,99.0,276.75,276.85,
15691852,61387001,48.504,-0.703,158.0,20180920 02:36,,,0.0,94.0,288.55,289.75,
17660550,56166005,47.92,-3.34,75.0,20171022 16:18,,,0.0,,,286.55,
15838385,14216001,48.928,-0.149,155.0,20180922 12:54,140.0,2.3,0.0,80.0,283.65,287.05,
41434540,66181001,42.45,2.01,1320.0,20161224 00:00,80.0,1.4,0.0,79.0,271.95,275.25,103780.0
4323026,83069002,43.0,6.23,137.0,20160207 12:30,260.0,6.3,0.0,99.0,284.05,284.25,
39924274,11333001,43.004,2.046,601.0,20181204 23:12,190.0,0.7,0.0,67.0,280.65,286.75,
2156063,72175002,47.71,0.09,92.0,20160206 08:54,190.0,7.1,0.0,91.0,281.35,282.75,
20666231,42040001,45.74,3.78,1261.0,20160627 08:30,,,0.0,,,284.85,
4543270,14577003,49.28,-0.56,15.0,20180318 08:48,,,0.0,,,,
18569130,73329001,45.64,5.88,235.0,20160609 09:30,10.0,4.8,0.0,70.0,288.85,294.55,101520.0
18277141,34028003,43.64,3.15,373.0,20170609 00:36,270.0,2.6,0.0,84.0,284.65,287.35,
1645605,22261002,48.519,-2.42,71.0,20180128 18:42,220.0,1.5,0.0,90.0,282.55,284.15,
27187134,66137003,42.47,2.86,295.0,20170826 02:12,180.0,3.7,0.0,87.0,292.95,295.25,
5696644,83051001,43.52,6.25,279.0,20170219 02:24,340.0,2.0,0.0,88.0,275.25,277.05,
28578238,26142001,44.675,5.615,1000.0,20180901 23:42,,,0.0,,,282.55,
20020088,50514001,48.759,-0.843,284.0,20181130 04:54,,,0.0,,,281.55,
4839570,69208001,45.87,4.6,370.0,20170211 16:30,,,0.0,63.0,277.05,283.75,
35702885,6023004,43.94,7.514,305.0,20181031 18:18,340.0,1.5,0.0,,,,
13549804,63353003,45.46,3.53,1070.0,20170428 14:30,350.0,3.0,0.0,77.0,272.35,275.95,
15678930,48146002,44.36,3.41,480.0,20170517 05:42,,,0.0,,,,
14371448,42248002,45.905,3.84,612.0,20180504 12:06,,,0.0,,,288.45,
38276875,26258001,44.62,4.98,211.0,20171201 00:12,,,0.0,,,,
32077990,30189001,43.86,4.41,62.0,20171008 02:48,340.0,3.0,0.0,57.0,275.65,283.85,101950.0
5155160,56004001,47.51,-2.38,26.0,20170327 16:18,,,0.0,,,289.95,
36800660,20264002,42.364,9.264,860.0,20161113 23:48,,,0.0,,,279.85,
1755479,13036003,43.847,4.835,17.0,20170116 02:24,340.0,6.8,0.0,71.0,270.05,274.75,
12187281,29178001,48.55,-4.66,40.0,20160723 21:18,230.0,2.6,0.0,,,290.45,
20147098,37249001,47.52,0.47,117.0,20161202 23:24,,,0.0,,,,
2662962,11221004,43.408,2.292,760.0,20170123 22:30,310.0,9.3,0.0,92.0,273.85,275.05,
29574112,26292002,44.295,5.41,625.0,20180910 09:54,190.0,1.4,0.0,43.0,286.35,299.95,
26899308,13056002,43.332,5.053,27.0,20180818 19:06,40.0,2.2,,,,,
3911882,5070003,44.32,5.79,565.0,20170203 16:36,130.0,1.5,0.0,90.0,277.65,279.15,
20446106,13056002,43.33,5.05,27.0,20170628 02:24,310.0,4.6,,,,,
42278265,48198001,44.442,3.928,620.0,20181223 18:54,,,0.0,,,283.45,
30276691,83051001,43.52,6.25,279.0,20160918 01:24,250.0,3.0,0.0,69.0,280.75,286.35,
31471435,73144001,45.27,6.9,2032.0,20160928 11:48,30.0,3.1,0.0,42.0,273.55,286.15,
22848155,83031001,43.38,6.39,82.0,20170719 02:12,340.0,0.5,0.0,66.0,283.55,289.95,101780.0
20678902,85097001,46.925,-1.024,190.0,20171212 02:42,,,0.0,,,273.45,
19044983,26258001,44.62,4.98,211.0,20160613 11:18,,,0.0,,,,
13357982,49138001,47.49,-0.17,41.0,20160812 07:00,0.0,0.0,0.0,88.0,284.75,286.75,
19426,44020001,47.15,-1.61,26.0,20160101 08:06,140.0,4.4,0.0,93.0,279.35,280.45,101980.0
10613775,5183001,44.88,6.64,1311.0,20180402 08:30,0.0,0.0,0.0,40.0,265.95,278.45,101450.0
33383115,7105003,44.755,3.975,1264.0,20181012 14:30,,,0.0,,,286.05,
18268349,35057003,47.922,-1.941,42.0,20181101 18:06,0.0,0.0,0.0,82.0,279.55,282.45,
10135167,86165005,46.412,0.841,153.0,20170619 02:06,50.0,2.2,0.0,76.0,288.25,292.55,
8598684,20303002,42.26,9.54,74.0,20160315 05:42,340.0,5.6,0.0,73.0,276.65,281.25,101940.0
40998565,43150001,45.099,4.061,1020.0,20181213 12:06,,,0.0,,,276.15,
33475570,42101001,45.361,4.56,1167.0,20161016 00:36,30.0,1.2,0.0,75.0,277.15,281.35,
925325,85153002,46.77,-1.05,82.0,20160116 15:30,,,0.0,,,279.65,
2107348,14624001,48.99,-0.01,52.0,20170204 23:12,,,0.0,,,278.45,
7387785,69114001,45.98,4.65,290.0,20160304 19:54,,,0.0,,,,
27294502,6074005,43.972,7.307,550.0,20180822 03:36,,,0.0,,,287.25,
11014700,73296005,45.455,6.897,2105.0,20170406 11:48,,,0.0,,,276.75,
30308400,20041001,41.37,9.18,116.0,20160918 08:06,280.0,7.3,0.0,64.0,286.25,293.25,101110.0
29261925,20342001,41.92,9.4,17.0,20160909 06:00,280.0,2.8,0.0,56.0,285.65,294.85,101310.0
31586069,74014004,46.003,6.697,1611.0,20180927 11:06,,,0.0,40.0,277.45,291.25,
33215332,15122002,44.73,2.17,480.0,20161013 17:42,100.0,1.6,0.0,83.0,282.65,285.45,
25114694,11069001,43.22,2.3,127.0,20170807 22:12,90.0,3.3,0.0,72.0,289.65,294.95,101120.0
41214391,20023005,42.404,8.923,1400.0,20181215 05:12,,,0.0,,,266.85,
15435090,15014004,44.9,2.42,640.0,20160512 20:18,270.0,2.6,0.0,85.0,281.75,284.15,100530.0
29464861,12145001,44.12,3.02,713.0,20160911 00:06,30.0,3.2,0.0,74.0,286.15,290.85,101720.0
27139007,43234005,44.97,3.54,945.0,20160821 21:54,170.0,0.8,0.0,90.0,278.75,280.25,
10561945,43137003,45.314,4.231,777.0,20180401 21:42,130.0,4.3,0.0,62.0,269.95,276.55,
16047144,20112001,42.557,8.942,280.0,20180518 17:12,,,0.0,,,293.15,
9895552,85113001,46.694,-2.33,32.0,20180615 19:00,330.0,5.1,0.0,73.0,285.15,290.05,101850.0
16747813,26273002,44.99,5.16,370.0,20160524 18:30,,,0.0,,,286.55,
21060058,56165003,47.95,-2.4,65.0,20161217 21:18,50.0,1.6,0.0,100.0,278.25,278.25,
17536202,48095005,44.53,3.45,934.0,20170602 11:30,200.0,1.1,0.0,44.0,283.15,296.05,
7923875,14577003,49.28,-0.56,15.0,20160512 22:30,,,0.0,97.0,285.55,286.05,
17383986,49138001,47.49,-0.17,41.0,20161018 09:24,220.0,0.9,0.0,98.0,282.75,283.05,
21501621,83075001,43.317,6.358,147.0,20170707 07:42,,,0.0,,,302.75,
34395592,83069001,43.094,6.146,4.0,20181021 00:06,310.0,2.5,0.0,85.0,286.85,289.35,102140.0
14312262,20041001,41.37,9.18,116.0,20160503 05:54,280.0,4.4,0.0,82.0,284.45,287.45,101450.0
36628248,63417001,45.84,3.05,550.0,20171116 18:36,,,0.0,,,274.55,
39859943,26211001,44.36,4.86,150.0,20161210 09:54,,,0.0,,,,
16134414,35238003,48.13,-1.64,65.0,20170927 07:30,,,0.0,,,284.65,
2397937,28252002,48.25,0.99,267.0,20170209 18:48,,,0.0,95.0,273.55,274.45,
10581786,35228001,48.59,-2.08,59.0,20170626 13:54,330.0,4.0,0.0,67.0,287.95,294.35,101230.0
21261914,38567002,45.128,5.878,1730.0,20160702 11:00,240.0,1.5,0.0,84.0,286.85,289.55,
4986815,13108004,43.83,4.64,15.0,20180212 23:36,350.0,5.2,0.0,50.0,267.15,276.65,
26848182,42204002,45.44,4.07,822.0,20170823 03:06,,,0.0,,,294.85,
26308070,11203004,43.17,2.73,60.0,20160814 18:48,90.0,3.9,0.0,60.0,288.05,296.25,102000.0
1453332,22147006,48.18,-2.41,131.0,20160125 12:42,,,0.0,,,285.65,
18327513,85215002,46.848,-1.184,62.0,20181102 17:30,,,0.0,,,279.95,
33155441,6077006,43.929,7.363,1443.0,20161013 05:06,110.0,7.5,0.0,98.0,276.25,276.55,
7396664,38336001,45.48,4.81,295.0,20170305 21:48,170.0,4.1,0.0,98.0,277.95,278.25,
7500466,37055002,47.48,0.26,87.0,20170505 20:54,,,0.0,,,,
35996097,74056005,46.004,6.949,1500.0,20171111 06:48,80.0,1.6,0.0,96.0,272.85,273.45,
37820911,73054001,45.61,6.76,868.0,20171127 02:00,220.0,0.5,0.0,78.0,266.05,269.35,
34705273,11124003,42.99,2.82,120.0,20171031 01:54,150.0,1.1,0.0,85.0,276.45,278.75,
27268610,26220010,44.359,5.115,316.0,20180821 22:18,,,0.0,,,,
30004210,7159001,44.581,4.497,275.0,20180914 01:12,,,0.0,,,294.75,
15389298,6136005,43.86,7.43,843.0,20160512 11:00,230.0,6.0,0.0,84.0,281.55,284.15,
22832674,73051001,45.66,5.822,1496.0,20180715 07:36,280.0,5.5,0.0,85.0,284.55,287.05,
28469804,63038002,45.502,2.866,1287.0,20180901 01:42,40.0,5.4,0.0,95.0,280.45,281.25,
17242808,62054001,50.87,1.58,45.0,20161016 01:12,170.0,6.0,,,,,
10280826,23008004,45.958,2.188,486.0,20160329 16:42,,,0.0,,,285.05,
12980140,73051001,45.66,5.82,1496.0,20170423 15:36,100.0,3.2,0.0,55.0,273.35,281.85,
20567323,23209001,46.14,2.26,440.0,20160626 12:06,,,0.0,,,291.55,
3659140,29293001,47.84,-3.87,25.0,20160302 15:30,290.0,9.3,0.4,76.0,278.65,282.65,
5567931,20004003,41.91,8.62,124.0,20170217 23:42,190.0,2.1,,,,,
40967945,20272004,41.652,8.979,62.0,20181213 06:18,0.0,0.0,0.0,96.0,279.15,279.85,
2670984,28041001,48.3,1.27,163.0,20180215 00:24,,,0.0,100.0,277.75,277.85,
30018366,63113001,45.79,3.15,326.0,20160915 19:24,140.0,1.2,0.0,91.0,285.75,287.15,101450.0
21985187,84009002,43.787,5.615,381.0,20180708 03:48,10.0,0.9,0.0,86.0,286.95,289.25,
16596704,1089001,45.98,5.33,252.0,20170525 06:24,360.0,1.2,0.0,78.0,284.85,288.65,101900.0
18550188,61006005,48.72,0.01,170.0,20161106 15:48,270.0,2.8,0.0,73.0,275.15,279.65,
14121434,30297001,44.119,3.474,1107.0,20180502 09:00,60.0,2.4,0.0,72.0,275.95,281.05,
10632736,41281001,47.68,1.21,130.0,20160627 22:54,260.0,1.9,0.0,95.0,288.95,289.75,102180.0
1861053,14578001,49.36,0.17,143.0,20160201 10:00,260.0,6.8,0.0,82.0,281.35,284.35,102430.0
32700690,6094002,44.1,6.931,1784.0,20171013 14:48,290.0,2.4,0.0,36.0,275.65,290.95,
37577716,48057002,44.66,3.54,1552.0,20161120 16:30,160.0,15.8,0.2,99.0,278.15,278.25,
3086654,83075001,43.317,6.358,147.0,20170127 14:06,,,0.0,,,284.25,
11610204,37179001,47.44,0.73,112.0,20160714 06:12,280.0,3.1,0.0,88.0,282.25,284.15,102430.0
5300110,13031002,43.39,5.6,201.0,20180215 16:00,,,0.0,,,284.45,
9638445,13004003,43.51,4.694,1.0,20170325 12:36,110.0,2.8,0.0,75.0,281.15,285.45,
15804520,34032002,43.337,3.148,39.0,20160516 03:36,,,0.0,,,,
11464259,69058002,46.18,4.67,415.0,20160408 21:30,,,0.0,75.0,275.95,280.05,
22022016,79326004,46.725,-0.02,133.0,20181231 19:06,40.0,2.9,0.0,93.0,278.55,279.65,
37946372,6074005,43.97,7.31,550.0,20161123 20:42,,,0.0,,,286.25,
19491401,73227006,45.4,6.63,2005.0,20160617 06:54,40.0,0.6,0.0,93.0,274.95,275.95,
14751499,43234005,44.97,3.54,945.0,20160507 00:00,130.0,2.4,0.0,65.0,275.25,281.45,
23222180,20111004,42.35,9.42,780.0,20160719 05:42,,,0.0,,,289.95,
19830479,22092001,48.4,-3.15,281.0,20161127 19:00,60.0,5.7,0.0,91.0,277.75,279.15,
13242480,85216001,46.44,-1.121,3.0,20180810 10:54,220.0,4.1,0.0,,,295.45,
35695741,81292001,44.107,2.28,537.0,20181031 16:48,130.0,10.3,0.0,81.0,280.25,283.35,
444004,34032002,43.34,3.15,39.0,20180104 20:06,,,0.0,,,,
20188808,6094002,44.1,6.931,1784.0,20170625 20:24,30.0,0.8,0.0,42.0,277.35,290.35,
30177663,69028001,45.71,4.69,317.0,20170921 04:54,340.0,0.8,0.0,91.0,276.45,277.75,
3136092,26100001,44.83,5.09,820.0,20170128 00:24,,,0.0,46.0,270.15,281.05,
9320658,83035001,43.252,5.785,418.0,20170322 18:12,150.0,2.8,0.0,85.0,281.15,283.55,101220.0
8093833,79215001,46.66,-0.402,196.0,20180516 13:06,,,0.0,,,295.65,
4103444,63098001,45.53,2.77,1385.0,20180205 09:36,100.0,9.5,0.0,86.0,269.05,271.05,
14938249,73179005,45.575,5.858,410.0,20180509 07:12,,,0.0,,,,
40033504,43093001,45.27,3.74,1020.0,20171216 07:12,,,0.0,,,271.45,
19969330,28215001,48.33,1.82,145.0,20171130 06:54,,,0.0,100.0,275.15,274.95,
33379421,66212001,42.76,2.98,7.0,20161015 04:18,0.0,0.0,0.0,94.0,284.45,285.35,
31820113,30297001,44.12,3.47,1107.0,20161001 13:00,310.0,1.9,0.0,68.0,282.25,288.35,
9058692,43062001,45.07,3.76,833.0,20160319 04:30,230.0,1.0,0.0,92.0,268.25,269.35,
39992895,26327001,44.694,5.428,545.0,20181205 12:18,200.0,0.9,0.0,53.0,276.35,285.65,
1431786,73054001,45.61,6.76,868.0,20160113 11:00,230.0,1.4,0.0,91.0,271.45,272.75,
21553717,76208001,49.51,1.72,104.0,20171226 16:06,,,0.0,,,279.75,
7474157,3060001,46.17,3.4,251.0,20170306 14:12,260.0,9.2,0.0,73.0,277.15,281.75,100470.0
2035264,78354001,48.96,1.67,123.0,20170203 18:30,230.0,6.8,0.2,97.0,279.75,280.15,
21742711,20258001,42.19,8.81,755.0,20160706 13:48,210.0,2.7,0.0,50.0,289.05,300.35,
11494901,83083001,43.468,6.123,144.0,20160409 03:48,,,0.0,,,280.95,
11704465,56159001,47.77,-2.39,65.0,20160715 20:00,40.0,2.0,0.0,57.0,283.35,292.05,
26372408,81115002,43.48,2.66,448.0,20170818 23:00,,,0.0,74.0,287.35,292.05,
913696,13056002,43.33,5.05,27.0,20180108 21:54,50.0,3.8,,,,,
14526924,49331003,47.679,-0.873,25.0,20160831 17:24,,,0.0,,,301.05,
40432130,23013001,46.035,2.501,564.0,20171219 18:42,,,0.0,,,275.65,
16271740,86092002,46.92,0.62,70.0,20160929 23:42,,,0.0,,,,
25399573,26273002,44.991,5.165,368.0,20170810 10:24,,,0.0,,,291.85,
14736743,50129001,49.66,-1.63,19.0,20160904 04:54,260.0,7.2,,,,,
37706952,20041001,41.37,9.18,116.0,20171126 02:30,280.0,22.9,0.0,54.0,276.35,285.45,101200.0
9579968,69029001,45.73,4.94,198.0,20160323 15:54,350.0,10.0,0.0,53.0,275.25,284.45,100770.0
7292965,14216001,48.93,-0.15,155.0,20160502 09:06,200.0,3.2,0.0,72.0,281.55,286.45,
5585834,42052002,46.164,4.174,279.0,20160218 08:24,,,0.0,,,,
17205840,37109001,47.425,0.604,93.0,20181015 05:30,,,0.0,93.0,285.35,286.45,
35487354,83007004,43.641,6.19,497.0,20181029 23:42,,,0.0,,,,
6282629,61006005,48.72,0.01,170.0,20160415 10:42,200.0,8.0,0.0,62.0,280.15,287.35,
19358506,66194002,42.4,2.559,700.0,20170618 12:36,,,0.0,43.0,286.85,300.55,
11703659,83124002,43.58,6.622,278.0,20170412 12:06,210.0,2.2,0.0,39.0,281.95,296.75,
9777094,7066001,44.7,4.65,212.0,20160325 08:42,,,0.0,53.0,275.15,284.35,
12210025,78140001,48.96,1.92,42.0,20160724 06:18,,,0.0,75.0,286.55,293.75,
18379005,14216001,48.928,-0.149,155.0,20171103 14:42,140.0,3.2,0.0,80.0,284.75,288.15,
5907999,14066001,49.334,-0.431,2.0,20180410 05:54,140.0,2.2,0.0,95.0,281.15,281.95,
19840746,73191005,45.56,5.8,375.0,20160620 06:42,150.0,1.0,0.0,89.0,284.35,286.15,
6054100,30339001,44.12,3.58,1564.0,20160222 08:36,200.0,7.6,0.0,55.0,272.95,281.45,
8036526,63263005,45.8,2.99,971.0,20180311 03:30,,,0.0,,,281.25,
38418779,26050001,44.32,5.32,556.0,20171202 05:42,,,0.0,,,,
351516,30081002,44.135,4.708,30.0,20160104 02:12,,,0.0,,,,
13318563,37242002,47.227,0.149,33.0,20180811 17:12,350.0,1.4,0.0,42.0,285.15,299.05,
19813113,85172001,46.83,-2.0,2.0,20161127 12:06,60.0,4.4,0.0,82.0,280.95,283.95,
7052258,42005001,45.55,4.29,396.0,20180302 17:00,200.0,5.4,0.0,42.0,270.45,282.75,99630.0
3576802,30087002,44.02,3.83,589.0,20180131 20:48,210.0,2.0,0.0,99.0,276.95,277.15,
25870949,11202001,42.92,3.06,40.0,20160811 00:48,280.0,2.7,0.0,40.0,277.45,291.25,102140.0
18717091,36035002,46.457,1.302,126.0,20171109 05:48,,,0.0,,,279.25,
25808124,15120005,45.222,2.293,674.0,20180809 10:48,230.0,1.9,0.0,95.0,288.25,289.05,
4250289,22372001,48.53,-2.85,135.0,20170312 13:48,340.0,6.0,0.0,96.0,281.95,282.55,101730.0
19410720,14659001,49.06,-0.23,62.0,20161120 20:48,,,0.0,,,284.65,
100289,7096001,44.839,4.524,760.0,20180101 20:48,280.0,6.8,0.0,73.0,273.45,277.85,
12772439,14357002,48.926,-0.693,223.0,20180802 16:18,,,0.0,,,299.65,
43264226,74035001,45.823,5.945,375.0,20181231 15:30,,,0.0,,,276.45,
7382220,7334004,44.42,4.15,140.0,20170305 18:48,,,0.0,94.0,277.65,278.55,
27517106,15120005,45.222,2.293,674.0,20180824 00:48,250.0,2.4,0.0,88.0,286.85,288.85,
41801047,38362001,45.393,5.657,446.0,20181219 21:12,,,0.0,,,276.25,
10533703,14216001,48.93,-0.15,155.0,20160626 07:18,280.0,2.6,0.0,83.0,285.15,288.05,
15519582,53130008,48.03,-0.75,100.0,20170917 01:54,150.0,0.7,0.0,98.0,282.45,282.75,101170.0
5484645,56243001,47.605,-2.714,3.0,20180403 03:42,200.0,4.5,0.0,91.0,283.45,284.85,
8664219,49188001,47.56,-0.32,53.0,20160526 02:36,20.0,1.0,,90.0,281.55,283.15,101310.0
27140389,30305001,44.17,4.15,191.0,20160821 22:12,,,0.0,,,291.75,
13235373,61214002,48.758,0.662,232.0,20180810 08:06,230.0,4.4,0.0,70.0,283.35,288.85,
3761274,79202003,46.64,-0.26,159.0,20160304 08:30,,,0.0,,,280.35,
19096630,53130008,48.03,-0.75,100.0,20171115 15:06,90.0,2.2,0.0,70.0,279.05,284.35,102540.0
18417575,61275001,48.71,0.3,236.0,20171104 06:00,,,0.0,,,284.95,
20664821,20314005,42.67,9.22,128.0,20170630 00:12,,,0.0,,,291.15,
17021680,50129001,49.66,-1.633,19.0,20181012 03:48,200.0,8.7,,,,,
17574186,42218011,45.45,4.36,602.0,20160531 20:42,320.0,3.0,0.0,95.0,282.75,283.55,
16534251,37023002,47.177,1.212,126.0,20161004 08:12,,,0.0,77.0,281.75,285.65,
40970288,20111004,42.35,9.42,780.0,20171224 11:06,,,0.0,,,286.05,
4670743,83004004,43.45,6.47,56.0,20170210 05:24,,,0.0,,,,
6611761,42218011,45.45,4.36,602.0,20180226 22:06,20.0,5.2,0.0,49.0,255.65,264.45,
14469333,79079013,46.924,-0.755,144.0,20170830 11:48,,,0.0,,,290.75,
313538,27422001,49.224,1.28,31.0,20180106 07:24,100.0,1.2,0.0,95.0,277.15,277.85,
13485194,84107002,44.041,5.493,836.0,20170428 01:00,320.0,11.5,0.0,75.0,270.65,274.65,
10489286,29236001,47.88,-3.71,77.0,20160625 13:30,,,0.0,,,292.05,
4975347,37192001,47.22,0.9,90.0,20160324 13:30,260.0,3.4,0.0,56.0,276.05,284.55,
8557365,63354004,46.033,2.804,705.0,20170316 02:00,120.0,1.7,0.0,96.0,277.85,278.45,
2653864,44051002,47.69,-1.69,43.0,20170214 00:54,,,0.0,,,,
1823225,28406001,48.2,1.68,138.0,20180131 18:36,,,0.0,100.0,280.35,280.65,
35755613,4049001,44.06,5.99,461.0,20161104 22:54,80.0,2.6,0.2,95.0,283.55,284.35,101450.0
12855408,13031002,43.387,5.601,201.0,20180421 14:00,,,0.0,,,299.55,
951259,72181001,47.94,0.19,52.0,20170116 17:42,40.0,1.9,0.0,84.0,273.25,275.65,102800.0
3159077,17218001,46.32,-1.01,2.0,20180223 05:00,,,0.0,,,272.15,
8951423,56004001,47.51,-2.38,26.0,20160530 21:30,,,0.0,,,286.95,
19748897,37119001,47.114,0.425,39.0,20181125 20:36,,,0.0,,,280.55,
8200324,19125001,45.28,2.04,598.0,20170312 23:06,,,0.0,,,,
24529924,20114002,41.51,9.1,23.0,20160730 11:48,240.0,8.3,0.0,39.0,290.15,305.95,101520.0
476074,34064003,43.87,3.31,729.0,20170105 01:54,,,0.0,,,271.45,
21122600,26047001,44.54,5.45,965.0,20170704 00:24,,,0.0,,,,
9818537,83007004,43.641,6.19,497.0,20160325 17:12,,,0.0,,,,
18786979,23113001,45.99,2.39,610.0,20160611 06:18,,,0.0,,,286.15,
29286609,69258001,46.217,4.628,740.0,20160909 11:06,,,0.0,58.0,285.55,294.15,
1966797,86097001,46.32,0.41,122.0,20180203 04:30,,,0.0,,,273.95,
1862687,36006004,46.57,1.5,178.0,20180201 10:36,,,0.0,,,,
552251,79326004,46.73,-0.02,133.0,20160110 08:24,220.0,5.7,0.0,86.0,278.75,280.95,
7440631,6152002,43.62,7.03,238.0,20160305 06:54,230.0,2.3,0.2,97.0,283.45,283.95,
4933800,41173002,47.9,1.52,129.0,20160323 20:54,,,0.0,,,,
34722931,30349001,43.87,4.07,45.0,20161026 23:06,,,0.0,,,283.55,
15519655,26063002,44.278,5.271,390.0,20180514 05:48,,,0.0,,,,
11566126,74285002,46.01,5.84,452.0,20160409 18:30,320.0,1.6,0.0,75.0,276.65,280.85,
3247723,56240003,47.51,-2.8,37.0,20160224 18:00,50.0,4.7,0.2,,,279.95,
11075778,44103001,47.314,-2.155,4.0,20180705 10:24,200.0,2.9,0.0,84.0,290.85,293.65,101740.0
26208039,20326001,41.964,8.959,698.0,20170817 12:30,,,0.0,,,303.55,
5377404,49173001,47.518,0.01,92.0,20160331 06:54,20.0,4.1,0.0,99.0,277.85,277.95,
36497923,73179005,45.58,5.86,410.0,20171115 15:24,,,0.0,,,,
16074879,56009001,47.29,-3.22,43.0,20160926 17:18,190.0,7.2,0.0,67.0,285.25,291.45,102180.0
2449556,4230001,43.84,6.001,600.0,20160122 07:06,60.0,3.3,0.0,80.0,271.75,274.85,
22421336,26330001,45.27,4.93,245.0,20160712 09:18,,,0.0,,,,
2297429,29120001,48.28,-4.44,83.0,20170208 02:42,320.0,3.2,0.0,83.0,275.35,277.95,102570.0
11259867,83148002,43.39,6.53,282.0,20160407 03:18,270.0,4.6,0.0,78.0,280.95,284.65,
13517122,12063003,43.987,3.182,794.0,20180427 05:06,,,0.0,,,273.85,
8548702,43137003,45.314,4.231,777.0,20160314 19:24,60.0,1.5,0.0,73.0,273.65,278.05,
14552553,11124003,42.993,2.819,120.0,20180506 00:54,130.0,1.2,0.0,85.0,284.15,286.65,
2044748,5120002,44.766,6.984,1670.0,20180118 17:12,300.0,1.8,0.0,80.0,269.45,272.45,
26313951,74060001,45.78,6.15,970.0,20170818 10:42,200.0,3.1,0.0,,,299.65,
33346403,73255003,45.343,6.307,460.0,20181012 07:06,130.0,1.9,0.0,61.0,280.65,288.15,
17219178,49008001,47.562,-0.97,65.0,20171015 08:36,160.0,1.6,0.0,89.0,287.15,288.95,
39422074,15060002,44.801,3.013,1080.0,20171210 23:18,160.0,6.5,,93.0,277.45,278.45,
8409335,6099004,43.96,6.89,442.0,20160313 14:48,,,0.0,,,288.45,
35173864,19073006,45.399,2.059,610.0,20181027 10:12,20.0,2.8,0.0,84.0,276.15,278.65,
17041823,49248003,47.74,-1.19,96.0,20171012 09:42,,,0.0,,,290.85,
1336364,1235002,46.05,5.07,273.0,20180112 14:06,,,0.0,,,,
10828657,14501002,48.89,-0.386,185.0,20180701 07:54,,,0.0,,,298.65,
6905365,63417001,45.84,3.05,550.0,20180301 10:42,,,0.0,,,284.35,
22829732,73312002,45.658,6.317,530.0,20180715 07:00,,,0.0,78.0,288.15,292.05,
16220750,42019005,45.756,4.014,512.0,20180520 04:36,,,0.0,,,281.35,
41603521,20149002,42.06,9.36,66.0,20171229 23:00,,,0.0,73.0,272.15,277.45,
26092316,11069001,43.22,2.3,127.0,20170816 12:12,280.0,6.5,0.0,56.0,291.85,301.45,101890.0
3590038,86021002,46.57,0.05,150.0,20180302 10:30,,,0.0,,,280.85,
35782840,43111002,44.858,3.844,1148.0,20181101 10:06,180.0,4.3,0.0,96.0,276.75,277.35,
10019047,50209001,49.65,-1.46,138.0,20170617 03:12,270.0,2.2,0.0,93.0,284.95,286.05,102840.0
24296156,20223001,42.541,9.188,510.0,20180727 16:24,320.0,4.6,0.0,68.0,293.45,299.85,
2130115,85163001,47.005,-2.257,3.0,20180205 22:18,20.0,4.2,0.0,66.0,268.95,274.65,
33047967,43111002,44.858,3.844,1148.0,20181009 19:12,160.0,2.9,0.0,83.0,281.55,284.35,
41281235,83004004,43.451,6.471,55.0,20171227 03:54,,,0.4,,,280.45,
21730961,7338005,44.89,4.63,510.0,20160706 11:24,,,0.0,,,,
16555077,73011004,45.66,6.37,335.0,20170524 21:36,40.0,1.5,0.0,52.0,283.25,293.45,
34435002,26168001,44.67,5.71,1059.0,20161024 10:42,140.0,8.0,0.0,56.0,282.45,291.35,
36959591,84025001,43.884,5.165,142.0,20181111 02:42,80.0,3.3,0.0,69.0,282.25,287.85,
3281042,15207002,45.18,3.17,805.0,20180129 07:54,,,0.0,,,275.95,
23257174,30273001,44.277,4.579,71.0,20180718 21:36,,,0.0,,,299.55,
15472584,30129001,44.073,3.978,139.0,20180513 20:12,,,0.0,,,282.25,
6610189,86272002,46.837,0.458,140.0,20160420 22:42,,,0.0,,,,
19470586,56137001,47.722,-2.727,132.0,20181121 09:24,140.0,4.7,0.0,83.0,274.45,277.05,100930.0
23777879,7131001,44.54,4.37,280.0,20170727 05:24,20.0,1.8,0.0,70.0,286.65,292.25,101460.0
37783912,83153001,43.08,5.94,134.0,20161122 11:06,80.0,8.3,0.0,96.0,287.65,288.25,101340.0
17858290,36018004,46.63,1.09,108.0,20171025 22:54,,,0.0,,,,
41620098,6083005,43.79,7.49,216.0,20161225 14:12,320.0,1.1,0.0,72.0,279.75,284.65,
12562861,30176002,43.95,3.58,640.0,20170420 00:12,30.0,4.9,0.0,34.0,262.45,276.95,
37614535,74035001,45.823,5.945,375.0,20181116 11:12,,,0.0,,,282.15,
25881823,34311001,43.438,3.4,40.0,20160811 03:00,300.0,3.8,0.0,46.0,278.35,290.05,
22913855,7101002,44.41,4.3,107.0,20170719 16:06,,,0.0,,,,
7927413,50410003,48.575,-1.47,39.0,20180513 18:54,330.0,3.5,0.0,78.0,280.45,284.15,
1202538,84107002,44.041,5.493,836.0,20160111 11:18,280.0,4.7,0.0,81.0,278.45,281.55,
18328716,69114001,45.977,4.65,290.0,20180607 01:48,,,0.0,96.0,287.95,288.55,
39089952,83042001,43.262,6.51,20.0,20181128 07:48,,,0.0,,,277.55,
8773114,79320002,46.46,-0.46,100.0,20160527 22:06,,,0.0,,,288.85,
6333588,50484002,48.564,-1.097,95.0,20180417 08:00,,,0.0,,,285.05,
7574508,61169003,48.75,-0.59,195.0,20170507 02:30,320.0,1.8,0.0,96.0,282.05,282.65,
1624187,11333001,43.0,2.05,601.0,20180115 02:00,240.0,3.2,0.0,97.0,275.95,276.65,
34696105,19136002,45.53,2.15,670.0,20161026 17:30,,,0.0,,,283.15,
22083902,13111002,43.55,5.68,565.0,20170712 09:42,280.0,3.4,0.0,33.0,283.95,301.75,
34830906,5120002,44.766,6.984,1670.0,20171101 04:00,130.0,0.7,0.0,68.0,261.55,266.45,
6240023,23008004,45.958,2.188,486.0,20170223 19:42,,,0.0,,,280.45,
8982242,42005001,45.53,4.29,402.0,20170319 19:12,0.0,0.0,0.0,71.0,280.65,285.75,101710.0
31674995,26327001,44.69,5.43,545.0,20171004 13:00,340.0,3.8,0.0,57.0,284.15,292.95,
30896789,6037002,43.752,6.923,1268.0,20180921 14:48,110.0,2.7,0.0,77.0,288.15,292.25,
8545318,81115002,43.48,2.66,448.0,20180315 12:12,250.0,6.5,0.0,40.0,275.75,289.35,
14790155,37067003,47.26,0.4,60.0,20170904 20:42,,,0.0,,,,
12671937,74266001,45.931,6.767,815.0,20180420 00:24,,,0.0,,,280.95,
15789879,42128001,45.93,4.31,610.0,20170518 05:06,,,0.0,,,,
12557404,5126001,44.39,5.46,625.0,20160418 05:54,320.0,0.6,0.0,97.0,275.75,276.15,
21646939,60566001,49.62,1.79,206.0,20161227 12:06,140.0,1.6,0.0,77.0,275.55,279.25,
169741,38191002,45.09,6.09,1860.0,20170102 10:54,250.0,2.2,0.0,18.0,254.55,276.75,
32163405,13055029,43.31,5.48,192.0,20161004 13:06,230.0,3.3,0.0,31.0,279.85,298.15,
19467244,27056003,49.1,0.56,166.0,20171121 20:48,210.0,3.8,0.0,85.0,281.35,283.75,
15925333,28305001,48.181,1.468,129.0,20180923 23:30,,,0.0,91.0,279.35,280.75,
8335206,34055003,43.67,2.98,424.0,20170314 03:18,,,0.0,,,282.75,
25100080,42102002,45.56,4.44,804.0,20160804 08:54,,,0.0,,,294.25,
1371674,26307001,45.01,5.29,308.0,20170112 18:48,,,0.0,,,,
6397343,20307002,42.38,9.52,17.0,20160225 07:12,,,,87.0,279.85,281.95,
9214215,38133001,45.36,5.6,300.0,20160320 12:30,250.0,0.8,0.0,54.0,278.55,287.75,
555513,7294001,44.3,4.26,149.0,20180105 19:18,,,0.0,,,,
38753659,4134002,44.33,6.03,665.0,20171205 03:48,0.0,0.0,0.0,94.0,264.65,265.45,
3746084,38538002,45.22,5.85,220.0,20170202 06:24,40.0,2.4,0.0,97.0,275.15,275.55,101510.0
1664682,29075001,48.44,-4.41,95.0,20160129 02:24,220.0,6.8,0.0,87.0,281.15,283.25,102990.0
18796682,83019002,43.195,6.379,88.0,20180611 01:36,360.0,1.5,0.0,95.0,288.25,289.05,
2348666,29155008,48.46,-5.06,39.0,20160209 15:00,,,,71.0,275.25,280.15,99600.0
32939220,26377003,44.34,5.06,247.0,20161011 07:42,,,0.0,,,,
25881017,83150002,43.73,5.78,271.0,20170814 15:36,140.0,5.1,0.0,22.0,279.95,304.15,
2028186,14216001,48.93,-0.15,155.0,20160204 05:18,220.0,5.0,0.0,90.0,276.25,277.75,
10633146,72181001,47.941,0.19,52.0,20180628 02:00,40.0,3.2,0.0,70.0,286.85,292.45,101890.0
15488169,19136002,45.535,2.155,670.0,20160513 07:06,,,0.0,,,,
28477012,13110003,43.45,5.7,264.0,20160902 11:24,280.0,3.3,0.0,26.0,283.35,305.25,
31401996,20148001,42.54,9.49,12.0,20171002 02:42,250.0,1.8,0.0,89.0,287.15,288.95,102070.0
19006452,74042003,46.068,6.385,450.0,20180612 20:48,80.0,3.4,0.0,96.0,286.65,287.25,
7039139,86165005,46.412,0.841,153.0,20180429 01:36,50.0,1.9,0.0,95.0,281.45,282.25,
15271557,76481001,49.53,0.09,95.0,20160913 02:18,100.0,4.5,0.0,58.0,286.95,295.65,100990.0
1096591,37240001,47.59,0.93,109.0,20170119 03:54,60.0,4.2,0.0,75.0,265.15,268.95,
14215100,26220010,44.359,5.115,316.0,20180503 04:18,,,0.0,,,,
11992080,38336001,45.479,4.811,295.0,20180414 04:54,150.0,3.2,0.0,82.0,279.85,282.75,
11048130,49020001,47.48,-0.61,48.0,20160704 21:12,190.0,1.2,0.0,88.0,287.15,289.15,102070.0
21762276,27347001,49.03,1.22,138.0,20161229 09:24,110.0,2.3,0.0,98.0,270.45,270.75,103910.0
16277525,85172001,46.83,-2.0,2.0,20160930 02:00,30.0,1.5,0.0,93.0,287.95,289.05,
4092148,79191005,46.32,-0.4,61.0,20180310 19:36,140.0,2.1,0.0,88.0,284.95,286.95,99720.0
11129732,23089001,46.352,1.985,306.0,20180706 07:54,270.0,1.8,0.0,82.0,288.85,291.95,
37601069,26179001,45.06,4.88,153.0,20171125 04:36,,,0.0,,,,
10257152,86097001,46.32,0.41,122.0,20170621 03:18,,,0.0,,,289.95,
12620576,81182004,43.73,2.36,566.0,20160418 18:48,20.0,3.4,0.0,49.0,271.35,281.45,
32587666,73329001,45.64,5.88,235.0,20171012 14:48,360.0,1.5,0.0,63.0,286.85,294.15,102550.0
27021436,7066800,44.698,4.649,212.0,20180819 20:00,,,0.0,47.0,285.25,297.25,
15889296,49331003,47.679,-0.873,25.0,20180923 09:06,,,0.0,,,293.35,
35150400,15122002,44.734,2.166,480.0,20181027 05:36,310.0,3.3,0.0,97.0,280.85,281.25,
23402176,83035001,43.252,5.785,418.0,20170723 22:48,340.0,5.3,0.0,58.0,286.75,295.45,101240.0
35610464,34217001,43.72,3.86,85.0,20171107 22:12,150.0,1.0,0.0,66.0,273.65,279.55,
5878898,50196001,49.7,-1.27,4.0,20160408 16:48,290.0,3.6,,,,,
5972798,1033002,46.09,5.81,350.0,20160221 16:00,250.0,0.7,0.0,54.0,281.15,290.55,
13089539,36173002,46.7,1.25,110.0,20170807 14:00,130.0,2.8,0.0,27.0,280.55,301.35,101310.0
21497165,34317001,43.79,3.46,620.0,20170707 06:48,,,0.0,,,292.65,
21494982,53159002,48.21,-0.54,107.0,20171225 16:36,,,0.0,,,278.95,
20609904,20114002,41.505,9.104,23.0,20180626 13:36,220.0,3.6,0.0,61.0,289.55,297.55,101650.0
10314724,79270003,46.42,-0.21,83.0,20160622 15:24,,,0.0,,,305.75,
21966762,83116022,43.48,5.85,294.0,20170711 09:00,260.0,2.8,0.0,51.0,289.75,300.75,
10594454,30339001,44.12,3.58,1564.0,20170402 20:12,350.0,14.5,0.0,98.0,274.15,274.45,
11126171,85153002,46.768,-1.053,82.0,20180706 06:24,,,0.0,,,290.85,
14962091,76171001,49.538,1.44,197.0,20180908 00:12,,,0.0,,,282.25,
38427500,5046001,44.57,6.5,877.0,20161128 00:30,50.0,1.4,0.0,78.0,271.75,275.15,
1793757,4126001,44.39,6.33,1197.0,20170116 10:24,,,0.0,,,270.65,
7547124,37122003,47.337,0.665,93.0,20180507 11:54,,,0.0,,,,
28738278,38095001,45.14,5.306,272.0,20160904 17:30,,,0.0,,,300.95,
12321063,41173002,47.9,1.52,129.0,20160726 02:24,,,0.0,,,,
7322059,86039001,46.28,0.19,148.0,20160502 20:36,,,0.0,,,285.15,
1608898,20016006,42.15,9.4,105.0,20180114 22:48,,,0.0,,,279.75,
5342703,11202001,42.92,3.06,40.0,20160216 06:24,300.0,12.5,0.0,66.0,271.25,277.05,102330.0
21870447,49191001,47.252,-0.436,73.0,20181229 09:36,160.0,1.2,0.0,98.0,276.55,276.85,
11093944,34151005,43.634,4.168,4.0,20180406 12:00,160.0,5.7,0.0,73.0,285.05,289.95,
2952359,3108001,46.19,2.96,650.0,20180126 12:12,,,0.0,,,277.55,
40484611,84031001,44.083,5.059,106.0,20181209 10:12,300.0,1.4,0.0,82.0,279.95,282.85,102020.0
1868607,69176001,45.666,4.692,367.0,20160117 05:54,,,0.0,,,,
36051620,6037002,43.752,6.923,1268.0,20181103 15:24,80.0,6.5,0.0,67.0,279.15,285.05,
12941667,56243001,47.605,-2.714,3.0,20170805 02:42,300.0,1.7,0.0,96.0,286.75,287.35,
35921029,34151005,43.63,4.17,4.0,20161106 09:12,310.0,2.4,0.0,64.0,278.05,284.65,
4432933,13004003,43.51,4.694,1.0,20170208 04:12,310.0,5.9,0.0,70.0,275.85,280.95,
9301942,73079003,45.55,6.17,370.0,20170322 14:18,,,0.0,,,,
5787484,13005003,43.31,5.6,130.0,20180219 20:18,340.0,0.9,0.0,91.0,274.65,275.95,
22202118,66212001,42.76,2.98,7.0,20170713 10:30,310.0,6.0,0.0,50.0,289.05,300.35,
41290411,83004004,43.451,6.471,55.0,20171227 05:48,,,0.2,,,280.65,
41425673,26361001,44.51,5.58,790.0,20161223 22:12,,,0.0,,,,
13486881,26328001,44.683,5.158,338.0,20180426 22:54,,,0.0,,,,
10040412,79270003,46.42,-0.21,83.0,20160618 02:00,,,0.0,,,283.35,
7801059,26258001,44.62,4.98,211.0,20180309 03:00,,,0.0,76.0,273.65,277.45,
13364167,30164001,44.222,4.345,318.0,20170426 23:48,360.0,3.0,0.0,89.0,276.45,278.15,
20000168,36006004,46.573,1.502,178.0,20181129 21:18,,,0.0,,,,
24635373,30339001,44.121,3.582,1564.0,20180730 13:24,180.0,3.1,0.0,60.0,287.65,295.85,
38626458,43096001,45.3,3.42,435.0,20161129 17:42,0.0,0.0,0.0,87.0,276.15,278.15,
10226167,44181001,47.01,-1.78,4.0,20160621 04:06,250.0,3.2,0.0,100.0,289.95,289.95,
32969488,6083005,43.786,7.489,216.0,20181009 03:24,10.0,4.0,0.0,46.0,281.05,293.05,
19712059,5061009,44.58,6.08,885.0,20170621 15:18,200.0,3.0,0.0,46.0,288.55,301.25,
19273366,13022003,43.22,5.5,212.0,20160615 10:12,80.0,1.6,0.0,66.0,285.55,292.05,
13950652,56166005,47.92,-3.34,75.0,20170821 21:18,,,0.0,,,294.55,
18113277,37067003,47.261,0.404,60.0,20181030 04:36,,,0.0,,,,
25298795,13022003,43.222,5.503,212.0,20180805 03:30,340.0,3.6,0.0,56.0,288.45,297.85,
9132149,76217001,49.932,1.089,40.0,20180602 21:30,0.0,0.0,0.0,80.0,284.85,288.25,102010.0
7481689,36107001,47.23,1.5,130.0,20160505 12:30,,,0.0,35.0,278.05,294.05,
31908378,81284001,43.91,2.12,171.0,20161002 07:30,0.0,0.0,0.0,91.0,285.95,287.45,101780.0
7883225,11333001,43.0,2.05,601.0,20180309 19:54,70.0,8.1,0.0,98.0,281.65,282.05,
30070076,38384001,45.364,5.313,386.0,20180914 14:30,340.0,5.1,0.0,52.0,285.45,295.85,101830.0
15313319,29120001,48.28,-4.44,83.0,20170913 15:12,260.0,6.1,0.0,90.0,284.75,286.35,100980.0
10928213,50129001,49.66,-1.63,19.0,20160702 21:12,250.0,7.0,,,,,
6477936,27422001,49.224,1.28,31.0,20180419 17:42,200.0,3.8,0.0,49.0,286.05,297.45,
9465957,36037001,46.95,1.77,177.0,20170607 19:00,,,0.0,64.0,284.05,290.95,
8856711,86039001,46.28,0.19,148.0,20170528 11:00,,,0.0,,,300.25,
17315753,3108001,46.19,2.96,650.0,20170531 13:06,,,0.0,,,289.25,
38538999,63125002,45.754,3.572,455.0,20171203 06:48,310.0,1.9,0.0,89.0,268.75,270.35,
19912347,1072001,46.204,5.288,260.0,20180620 15:00,,,0.0,,,302.55,
6214929,13028001,43.17,5.57,316.0,20180223 12:24,240.0,1.9,,,,,
15076330,36107001,47.23,1.5,130.0,20160909 20:36,,,0.0,,,,
22322959,26063002,44.278,5.271,390.0,20180711 00:12,,,0.0,,,,
14829977,28407001,48.258,0.91,235.0,20160905 18:12,320.0,2.0,0.0,72.0,290.25,295.55,
10010511,63006002,45.32,3.02,1270.0,20160327 08:48,,,0.0,,,273.15,
33174584,42019004,45.76,4.01,430.0,20171017 18:54,,,0.0,,,,
1757070,69174002,45.94,4.38,831.0,20160116 06:42,330.0,11.9,0.0,98.0,269.25,269.55,
34621436,23106002,46.23,2.36,400.0,20171030 08:30,50.0,4.0,,92.0,276.95,278.15,102650.0
940278,30209002,44.0,4.76,44.0,20160109 04:54,0.0,0.0,0.0,100.0,280.05,280.05,
